{
  "id": "loop_0123",
  "D_hat": 0.396240625,
  "coh_star": 0.833333333,
  "r_LZ": 0.416666667,
  "scales": [
    2,
    4,
    8,
    16,
    32
  ],
  "N_j": {
    "2": 1,
    "4": 4,
    "8": 2,
    "16": 3,
    "32": 3
  },
  "metadata": {
    "degeneracy_type": "loop",
    "severity": "medium",
    "num_repeats": 12
  }
}