{
  "id": "normal_0380",
  "D_hat": 0.0,
  "coh_star": 0.666666667,
  "r_LZ": 0.958333333,
  "scales": [
    2,
    4,
    8,
    16,
    32
  ],
  "N_j": {
    "2": 2,
    "4": 3,
    "8": 3,
    "16": 3,
    "32": 3
  },
  "metadata": {
    "degeneracy_type": null,
    "severity": 0.0
  }
}