{
  "n_train": 5649,
  "n_test": 2422,
  "hallucination_rate_train": 0.5064613205877146,
  "hallucination_rate_test": 0.5066061106523534,
  "models": {
    "Perplexity (baseline)": {
      "features": [
        "perplexity_proxy"
      ],
      "auroc": 0.5030260559994271,
      "auroc_ci": [
        0.47982054457066997,
        0.5249608816644423
      ],
      "accuracy": 0.5119735755573905,
      "precision": 0.5127623369256948,
      "recall": 0.7367563162184189,
      "f1": 0.6046822742474917
    },
    "D_hat alone": {
      "features": [
        "D_hat"
      ],
      "auroc": 0.49570268675853263,
      "auroc_ci": [
        0.4912009230881761,
        0.5002043042700687
      ],
      "accuracy": 0.5066061106523534,
      "precision": 0.5066061106523534,
      "recall": 1.0,
      "f1": 0.6725130172650041
    },
    "coh_star alone": {
      "features": [
        "coh_star"
      ],
      "auroc": 0.5195953664583141,
      "auroc_ci": [
        0.4972865157365528,
        0.5427577164332146
      ],
      "accuracy": 0.5132122213047069,
      "precision": 0.5136054421768708,
      "recall": 0.7383863080684596,
      "f1": 0.6058174523570712
    },
    "r_LZ alone": {
      "features": [
        "r_LZ"
      ],
      "auroc": 0.507329507285518,
      "auroc_ci": [
        0.4848907326737364,
        0.5299870279746971
      ],
      "accuracy": 0.5066061106523534,
      "precision": 0.5066061106523534,
      "recall": 1.0,
      "f1": 0.6725130172650041
    },
    "Lexical diversity alone": {
      "features": [
        "lexical_diversity"
      ],
      "auroc": 0.49886650775951136,
      "auroc_ci": [
        0.4749589472494414,
        0.5208849239250288
      ],
      "accuracy": 0.5156895127993394,
      "precision": 0.5175324675324675,
      "recall": 0.6495517522412388,
      "f1": 0.5760751716660644
    },
    "Geometric signals (D_hat + coh_star + r_LZ)": {
      "features": [
        "D_hat",
        "coh_star",
        "r_LZ"
      ],
      "auroc": 0.5198180410771587,
      "auroc_ci": [
        0.49698641594166776,
        0.5411884880143095
      ],
      "accuracy": 0.5148637489677952,
      "precision": 0.5147895335608647,
      "recall": 0.7375713121434393,
      "f1": 0.6063651591289783
    },
    "Perplexity + D_hat": {
      "features": [
        "perplexity_proxy",
        "D_hat"
      ],
      "auroc": 0.5021660477471671,
      "auroc_ci": [
        0.48118084222699053,
        0.5255130834475696
      ],
      "accuracy": 0.5099091659785301,
      "precision": 0.511001100110011,
      "recall": 0.7571312143439283,
      "f1": 0.6101806239737274
    },
    "Perplexity + coh_star": {
      "features": [
        "perplexity_proxy",
        "coh_star"
      ],
      "auroc": 0.5088984596918019,
      "auroc_ci": [
        0.48527743425931524,
        0.5317435770154992
      ],
      "accuracy": 0.5086705202312138,
      "precision": 0.5114835505896959,
      "recall": 0.6715566422167889,
      "f1": 0.5806906272022551
    },
    "Perplexity + r_LZ": {
      "features": [
        "perplexity_proxy",
        "r_LZ"
      ],
      "auroc": 0.5033271611884618,
      "auroc_ci": [
        0.48174799972276844,
        0.5271445502041984
      ],
      "accuracy": 0.5107349298100743,
      "precision": 0.5119318181818182,
      "recall": 0.7343113284433578,
      "f1": 0.6032808838299297
    },
    "Perplexity + Geometric": {
      "features": [
        "perplexity_proxy",
        "D_hat",
        "coh_star",
        "r_LZ"
      ],
      "auroc": 0.5094051893757268,
      "auroc_ci": [
        0.4850651247260264,
        0.5309198468807824
      ],
      "accuracy": 0.509496284062758,
      "precision": 0.5119705340699816,
      "recall": 0.6797066014669927,
      "f1": 0.5840336134453782
    },
    "Perplexity + Lexical diversity": {
      "features": [
        "perplexity_proxy",
        "lexical_diversity"
      ],
      "auroc": 0.4946483070931925,
      "auroc_ci": [
        0.47095182761294335,
        0.5186047357894014
      ],
      "accuracy": 0.5020644095788604,
      "precision": 0.5068852459016393,
      "recall": 0.6299918500407498,
      "f1": 0.5617732558139535
    },
    "Perplexity + Repetition": {
      "features": [
        "perplexity_proxy",
        "sentence_repetition"
      ],
      "auroc": 0.5053162286489823,
      "auroc_ci": [
        0.4831588289768647,
        0.5293067072659656
      ],
      "accuracy": 0.5127993393889347,
      "precision": 0.5154503616042078,
      "recall": 0.6389568052159739,
      "f1": 0.5705967976710334
    },
    "Full ensemble": {
      "features": [
        "perplexity_proxy",
        "D_hat",
        "coh_star",
        "r_LZ",
        "lexical_diversity",
        "sentence_repetition",
        "length_tokens"
      ],
      "auroc": 0.5402986499711853,
      "auroc_ci": [
        0.5165609356702713,
        0.5632300793985529
      ],
      "accuracy": 0.5214698596201487,
      "precision": 0.5254491017964071,
      "recall": 0.5721271393643031,
      "f1": 0.5477955520873976
    }
  },
  "mcnemar_tests": [
    {
      "comparison": "Perplexity (baseline) vs D_hat alone",
      "b": 336,
      "c": 323,
      "chi_squared": 0.21851289833080426,
      "p_value": 0.6401753587414571,
      "significant": false
    },
    {
      "comparison": "Perplexity (baseline) vs coh_star alone",
      "b": 486,
      "c": 489,
      "chi_squared": 0.0041025641025641026,
      "p_value": 0.9489294097784429,
      "significant": false
    },
    {
      "comparison": "Perplexity (baseline) vs r_LZ alone",
      "b": 336,
      "c": 323,
      "chi_squared": 0.21851289833080426,
      "p_value": 0.6401753587414571,
      "significant": false
    },
    {
      "comparison": "Perplexity (baseline) vs Lexical diversity alone",
      "b": 500,
      "c": 509,
      "chi_squared": 0.06342913776015857,
      "p_value": 0.8011559105757236,
      "significant": false
    },
    {
      "comparison": "Perplexity (baseline) vs Geometric signals (D_hat + coh_star + r_LZ)",
      "b": 487,
      "c": 494,
      "chi_squared": 0.03669724770642202,
      "p_value": 0.8480827592882225,
      "significant": false
    },
    {
      "comparison": "Perplexity (baseline) vs Perplexity + D_hat",
      "b": 30,
      "c": 25,
      "chi_squared": 0.2909090909090909,
      "p_value": 0.5896385516265671,
      "significant": false
    },
    {
      "comparison": "Perplexity (baseline) vs Perplexity + coh_star",
      "b": 305,
      "c": 297,
      "chi_squared": 0.08139534883720931,
      "p_value": 0.7754153079124984,
      "significant": false
    },
    {
      "comparison": "Perplexity (baseline) vs Perplexity + r_LZ",
      "b": 10,
      "c": 7,
      "chi_squared": 0.23529411764705882,
      "p_value": 0.6276258050283593,
      "significant": false
    },
    {
      "comparison": "Perplexity (baseline) vs Perplexity + Geometric",
      "b": 307,
      "c": 301,
      "chi_squared": 0.04111842105263158,
      "p_value": 0.839309510567166,
      "significant": false
    },
    {
      "comparison": "Perplexity (baseline) vs Perplexity + Lexical diversity",
      "b": 331,
      "c": 307,
      "chi_squared": 0.829153605015674,
      "p_value": 0.36251738715156445,
      "significant": false
    },
    {
      "comparison": "Perplexity (baseline) vs Perplexity + Repetition",
      "b": 404,
      "c": 406,
      "chi_squared": 0.0012345679012345679,
      "p_value": 0.9719709616102559,
      "significant": false
    },
    {
      "comparison": "Perplexity (baseline) vs Full ensemble",
      "b": 519,
      "c": 542,
      "chi_squared": 0.45617342130065974,
      "p_value": 0.49941778096778877,
      "significant": false
    }
  ]
}