degeneracy_type,n_samples,mean_D_hat,mean_coh_star,mean_r_LZ,mean_asv_score,auroc
repetition_loop,25,0.7621163136012425,0.5941443934763423,0.2808388411639921,0.582766605503344,
semantic_drift,25,0.5,0.38197325584720465,0.5527037852761651,0.8,
incoherent,25,0.5,0.33652172063674646,0.5612177586083452,0.7919214533594942,
normal,25,0.5,0.34572973568425813,0.5700715061322599,0.7978104276740454,
