{
  "n_samples": 100,
  "n_degenerate": 75,
  "n_normal": 25,
  "auroc": 0.5826666666666666,
  "optimal_threshold": 0.217283950617284,
  "accuracy": 0.48,
  "precision": 1.0,
  "recall": 0.30666666666666664,
  "f1": 0.4693877551020408,
  "tp": 23,
  "tn": 25,
  "fp": 0,
  "fn": 52
}