{
  "id": "drift_0054",
  "perplexity": 29.735444291119585,
  "mean_token_prob": 0.033629899395807836,
  "min_token_prob": 1.6947621918869806e-05,
  "entropy": 3.392339744735836
}