{
  "id": "drift_0110",
  "perplexity": 24.292314037319844,
  "mean_token_prob": 0.04116528373804644,
  "min_token_prob": 6.154868435577652e-06,
  "entropy": 3.1901600055542647
}