{
  "id": "drift_0048",
  "perplexity": 21.748700997112508,
  "mean_token_prob": 0.045979757601742104,
  "min_token_prob": 8.043700351806389e-06,
  "entropy": 3.0795540314804386
}