{
  "id": "drift_0035",
  "perplexity": 28.57672773430796,
  "mean_token_prob": 0.034993509729227816,
  "min_token_prob": 5.264106197970312e-06,
  "entropy": 3.352592670995938
}