{
  "id": "drift_0032",
  "perplexity": 30.808926745114963,
  "mean_token_prob": 0.03245812514902224,
  "min_token_prob": 2.8654026428324864e-07,
  "entropy": 3.427804477373955
}