{
  "id": "drift_0017",
  "perplexity": 24.616546890563477,
  "mean_token_prob": 0.04062308188250971,
  "min_token_prob": 1.5866485376437946e-06,
  "entropy": 3.203418854646669
}