{
  "id": "drift_0026",
  "perplexity": 34.39694802018586,
  "mean_token_prob": 0.02907234675044861,
  "min_token_prob": 6.599658781557314e-08,
  "entropy": 3.537967840100036
}