{
  "id": "drift_0069",
  "perplexity": 28.685622373207618,
  "mean_token_prob": 0.03486066946673608,
  "min_token_prob": 6.366338087967614e-06,
  "entropy": 3.356396034635879
}