{
  "id": "drift_0028",
  "perplexity": 32.31485581837072,
  "mean_token_prob": 0.030945519473167774,
  "min_token_prob": 1.050798523194367e-05,
  "entropy": 3.475527056949396
}