{
  "id": "drift_0124",
  "perplexity": 24.669890584057974,
  "mean_token_prob": 0.0405352426105292,
  "min_token_prob": 6.8368126524155e-05,
  "entropy": 3.2055834953493454
}