{
  "id": "drift_0108",
  "perplexity": 29.242394159223128,
  "mean_token_prob": 0.03419692637186471,
  "min_token_prob": 7.939452783753152e-07,
  "entropy": 3.3756195111200213
}