{
  "id": "drift_0002",
  "perplexity": 29.75743911216886,
  "mean_token_prob": 0.03360504229650141,
  "min_token_prob": 1.2538561889360166e-06,
  "entropy": 3.3930791549238504
}