{
  "id": "incoherent_0057",
  "perplexity": 27.52888609723266,
  "mean_token_prob": 0.03632547995105857,
  "min_token_prob": 6.995779893615551e-05,
  "entropy": 3.3152358569204807
}