{
  "id": "incoherent_0041",
  "perplexity": 39.22432093906212,
  "mean_token_prob": 0.02549438654536745,
  "min_token_prob": 0.0001009902901203789,
  "entropy": 3.669296986526913
}