{
  "id": "incoherent_0110",
  "perplexity": 36.38668602181685,
  "mean_token_prob": 0.027482579738105768,
  "min_token_prob": 0.00010053834977243208,
  "entropy": 3.5942029391016277
}