{
  "id": "incoherent_0085",
  "perplexity": 41.674866743031885,
  "mean_token_prob": 0.02399527768537381,
  "min_token_prob": 2.1802452753151307e-05,
  "entropy": 3.7298982311040163
}