{
  "id": "incoherent_0034",
  "perplexity": 19.805190599906993,
  "mean_token_prob": 0.050491813999744894,
  "min_token_prob": 0.00022340321334873094,
  "entropy": 2.9859440548552407
}