{
  "id": "incoherent_0031",
  "perplexity": 17.967201597591586,
  "mean_token_prob": 0.0556569699832413,
  "min_token_prob": 0.000440013387143371,
  "entropy": 2.8885479623244867
}