{
  "id": "incoherent_0062",
  "perplexity": 32.52802670247387,
  "mean_token_prob": 0.030742719475323917,
  "min_token_prob": 0.00010314599376954939,
  "entropy": 3.4821020777929914
}