{
  "id": "incoherent_0037",
  "perplexity": 29.629386876775307,
  "mean_token_prob": 0.03375027651293857,
  "min_token_prob": 2.1802452753151307e-05,
  "entropy": 3.388766668721203
}