{
  "id": "incoherent_0094",
  "perplexity": 32.90846993388424,
  "mean_token_prob": 0.030387313722244767,
  "min_token_prob": 5.618849837981146e-05,
  "entropy": 3.4937300694370137
}