{
  "id": "incoherent_0067",
  "perplexity": 30.755872265880555,
  "mean_token_prob": 0.03251411604766494,
  "min_token_prob": 0.00022692692875409207,
  "entropy": 3.426080944016576
}