{
  "id": "incoherent_0070",
  "perplexity": 12.271056818348272,
  "mean_token_prob": 0.081492573525106,
  "min_token_prob": 6.486503521770684e-05,
  "entropy": 2.5072433852785547
}