{
  "id": "incoherent_0035",
  "perplexity": 19.536257758020838,
  "mean_token_prob": 0.051186875827815,
  "min_token_prob": 4.609434120611549e-05,
  "entropy": 2.9722721112831945
}