{
  "id": "incoherent_0032",
  "perplexity": 35.007467195532946,
  "mean_token_prob": 0.028565334201830026,
  "min_token_prob": 0.00010020686209922044,
  "entropy": 3.5555613871776695
}