{
  "id": "incoherent_0108",
  "perplexity": 29.499746098060545,
  "mean_token_prob": 0.03389859684472826,
  "min_token_prob": 6.486503521770684e-05,
  "entropy": 3.38438165646333
}