{
  "id": "incoherent_0047",
  "perplexity": 20.692630989885476,
  "mean_token_prob": 0.04832638249282067,
  "min_token_prob": 0.000162885099765559,
  "entropy": 3.0297776460647583
}