{
  "id": "incoherent_0008",
  "perplexity": 28.804207474170713,
  "mean_token_prob": 0.03471715029468244,
  "min_token_prob": 2.1802452753151307e-05,
  "entropy": 3.3605214693245284
}