{
  "id": "incoherent_0020",
  "perplexity": 36.66990736936937,
  "mean_token_prob": 0.027270317045723084,
  "min_token_prob": 2.1802452753151307e-05,
  "entropy": 3.6019564560197597
}