{
  "id": "incoherent_0059",
  "perplexity": 32.46144911853338,
  "mean_token_prob": 0.030805771989675743,
  "min_token_prob": 5.069807136171938e-05,
  "entropy": 3.4800532042980192
}