{
  "id": "incoherent_0101",
  "perplexity": 26.645063823200278,
  "mean_token_prob": 0.03753040362880588,
  "min_token_prob": 0.00014650455795956377,
  "entropy": 3.2826039110620817
}