{
  "id": "incoherent_0091",
  "perplexity": 39.57935905130374,
  "mean_token_prob": 0.025265694644114257,
  "min_token_prob": 5.105936261267682e-05,
  "entropy": 3.678307746291499
}