{
  "id": "incoherent_0006",
  "perplexity": 23.357174895570214,
  "mean_token_prob": 0.04281339693139234,
  "min_token_prob": 8.82378971543921e-05,
  "entropy": 3.150904212956843
}