{
  "id": "incoherent_0086",
  "perplexity": 40.01970013245877,
  "mean_token_prob": 0.024987693478215996,
  "min_token_prob": 0.00025760801127733263,
  "entropy": 3.6893718361854555
}