{
  "id": "incoherent_0053",
  "perplexity": 32.74257639227188,
  "mean_token_prob": 0.03054127408972089,
  "min_token_prob": 4.190722230705354e-05,
  "entropy": 3.4886762613414564
}