{
  "id": "incoherent_0105",
  "perplexity": 18.55046617598678,
  "mean_token_prob": 0.053907001070112225,
  "min_token_prob": 0.0004884938604222151,
  "entropy": 2.92049491951863
}