{
  "id": "incoherent_0029",
  "perplexity": 28.010603527487824,
  "mean_token_prob": 0.03570076592668429,
  "min_token_prob": 2.1802452753151307e-05,
  "entropy": 3.332583135897717
}