{
  "id": "incoherent_0093",
  "perplexity": 20.39347514434938,
  "mean_token_prob": 0.049035291578398775,
  "min_token_prob": 0.00018567536238296335,
  "entropy": 3.015215003823346
}