{
  "id": "incoherent_0115",
  "perplexity": 21.18815296983499,
  "mean_token_prob": 0.04719618559596362,
  "min_token_prob": 0.00047077201430512924,
  "entropy": 3.0534422033010644
}