{
  "id": "incoherent_0113",
  "perplexity": 21.82876907537742,
  "mean_token_prob": 0.045811103527957864,
  "min_token_prob": 0.00022077458827064728,
  "entropy": 3.0832287821363895
}