{
  "id": "incoherent_0048",
  "perplexity": 19.709611607689837,
  "mean_token_prob": 0.05073666695744746,
  "min_token_prob": 2.9574658890277488e-05,
  "entropy": 2.9811064156274947
}