{
  "id": "incoherent_0056",
  "perplexity": 37.00895286034267,
  "mean_token_prob": 0.027020488900985917,
  "min_token_prob": 0.00047077201430512924,
  "entropy": 3.61115985257285
}