{
  "id": "incoherent_0023",
  "perplexity": 22.039666854884572,
  "mean_token_prob": 0.045372736647258965,
  "min_token_prob": 9.286641568858685e-05,
  "entropy": 3.0928438686933672
}