{
  "id": "incoherent_0052",
  "perplexity": 29.696010490725097,
  "mean_token_prob": 0.03367455706928472,
  "min_token_prob": 0.00017376390078447661,
  "entropy": 3.3910127098743734
}