{
  "id": "incoherent_0104",
  "perplexity": 15.01677418747957,
  "mean_token_prob": 0.06659219799907247,
  "min_token_prob": 0.00019111259145853304,
  "entropy": 2.7091678554591323
}