{
  "id": "incoherent_0022",
  "perplexity": 35.61316394863557,
  "mean_token_prob": 0.02807950457427169,
  "min_token_prob": 0.0001009902901203789,
  "entropy": 3.5727153433465655
}