{
  "id": "incoherent_0051",
  "perplexity": 12.4433783205247,
  "mean_token_prob": 0.08036402769741015,
  "min_token_prob": 6.486503521770684e-05,
  "entropy": 2.521188619616811
}