{
  "id": "incoherent_0014",
  "perplexity": 23.408973873780326,
  "mean_token_prob": 0.04271866017673117,
  "min_token_prob": 2.1802452753151307e-05,
  "entropy": 3.1531194477262567
}