{
  "id": "incoherent_0112",
  "perplexity": 37.10493430455729,
  "mean_token_prob": 0.026950593465332677,
  "min_token_prob": 0.00017912287318786073,
  "entropy": 3.6137499608924952
}