{
  "id": "incoherent_0061",
  "perplexity": 23.746461137431975,
  "mean_token_prob": 0.04211153797664958,
  "min_token_prob": 2.1802452753151307e-05,
  "entropy": 3.1674335146386348
}