{
  "id": "incoherent_0078",
  "perplexity": 31.84525249432069,
  "mean_token_prob": 0.03140185496027519,
  "min_token_prob": 7.68246720827883e-05,
  "entropy": 3.4608883126447987
}