{
  "id": "incoherent_0042",
  "perplexity": 24.019224878229725,
  "mean_token_prob": 0.04163331685638069,
  "min_token_prob": 2.1802452753151307e-05,
  "entropy": 3.1788545462822673
}