{
  "id": "incoherent_0080",
  "perplexity": 32.65060764987714,
  "mean_token_prob": 0.030627301357552622,
  "min_token_prob": 6.054146565407811e-05,
  "entropy": 3.485863466571528
}