{
  "id": "incoherent_0015",
  "perplexity": 19.907259529334976,
  "mean_token_prob": 0.05023293128451047,
  "min_token_prob": 4.499227040684953e-05,
  "entropy": 2.991084465676028
}