{
  "id": "incoherent_0030",
  "perplexity": 19.581926718945798,
  "mean_token_prob": 0.05106749781840852,
  "min_token_prob": 9.293153327992045e-05,
  "entropy": 2.9746070346588063
}