{
  "id": "incoherent_0073",
  "perplexity": 37.362272459383476,
  "mean_token_prob": 0.026764967283162445,
  "min_token_prob": 0.00010225384320106782,
  "entropy": 3.620661437511444
}