{
  "id": "incoherent_0045",
  "perplexity": 38.09058612064692,
  "mean_token_prob": 0.026253205892727186,
  "min_token_prob": 0.000163338855460765,
  "entropy": 3.6399671681549237
}