{
  "id": "incoherent_0027",
  "perplexity": 37.56494569134752,
  "mean_token_prob": 0.026620562910339412,
  "min_token_prob": 2.1802452753151307e-05,
  "entropy": 3.626071320095269
}