{
  "id": "incoherent_0003",
  "perplexity": 31.27687689642774,
  "mean_token_prob": 0.03197250170825765,
  "min_token_prob": 2.1802452753151307e-05,
  "entropy": 3.4428790672278335
}