{
  "id": "incoherent_0001",
  "perplexity": 41.73774290600193,
  "mean_token_prob": 0.023959129803739317,
  "min_token_prob": 2.1802452753151307e-05,
  "entropy": 3.7314058251031383
}