{
  "id": "incoherent_0017",
  "perplexity": 40.44414775435425,
  "mean_token_prob": 0.024725456104890707,
  "min_token_prob": 0.00011784350193482635,
  "entropy": 3.6999219545296262
}