{
  "id": "incoherent_0063",
  "perplexity": 32.04141677819077,
  "mean_token_prob": 0.03120960620819543,
  "min_token_prob": 6.439021129469311e-05,
  "entropy": 3.4670293402671812
}