{
  "id": "incoherent_0058",
  "perplexity": 44.90245000433876,
  "mean_token_prob": 0.022270499714455976,
  "min_token_prob": 2.1802452753151307e-05,
  "entropy": 3.80449235905774
}