{
  "id": "incoherent_0117",
  "perplexity": 38.19284542175424,
  "mean_token_prob": 0.026182914337940646,
  "min_token_prob": 0.000153790739044613,
  "entropy": 3.642648205446841
}