{
  "id": "incoherent_0124",
  "perplexity": 24.796313152399332,
  "mean_token_prob": 0.04032857602071534,
  "min_token_prob": 2.1802452753151307e-05,
  "entropy": 3.210694978909762
}