{
  "id": "incoherent_0119",
  "perplexity": 33.45108283772578,
  "mean_token_prob": 0.029894398481839595,
  "min_token_prob": 6.997381283818989e-05,
  "entropy": 3.510084157880648
}