{
  "id": "incoherent_0025",
  "perplexity": 29.192581152386982,
  "mean_token_prob": 0.034255278585334455,
  "min_token_prob": 0.00019697692401176106,
  "entropy": 3.3739146068692207
}