{
  "id": "incoherent_0066",
  "perplexity": 28.97033949311447,
  "mean_token_prob": 0.03451806287039457,
  "min_token_prob": 6.446099136716105e-05,
  "entropy": 3.366272530494592
}