{
  "id": "incoherent_0096",
  "perplexity": 22.281751369310854,
  "mean_token_prob": 0.04487977553583701,
  "min_token_prob": 2.1802452753151307e-05,
  "entropy": 3.10376801920986
}