{
  "id": "incoherent_0033",
  "perplexity": 35.9571461427702,
  "mean_token_prob": 0.02781088343411445,
  "min_token_prob": 2.1802452753151307e-05,
  "entropy": 3.58232784446216
}