{
  "id": "incoherent_0044",
  "perplexity": 21.19311841361363,
  "mean_token_prob": 0.04718512776098298,
  "min_token_prob": 2.1802452753151307e-05,
  "entropy": 3.053676525851534
}