{
  "id": "incoherent_0111",
  "perplexity": 33.53850033911978,
  "mean_token_prob": 0.029816479266772285,
  "min_token_prob": 2.1802452753151307e-05,
  "entropy": 3.5126940427871887
}