{
  "id": "incoherent_0102",
  "perplexity": 30.735041821110904,
  "mean_token_prob": 0.03253615224668842,
  "min_token_prob": 0.00010842521943968132,
  "entropy": 3.42540343105793
}