{
  "id": "incoherent_0019",
  "perplexity": 10.97713095430127,
  "mean_token_prob": 0.09109848503794708,
  "min_token_prob": 7.287820020260921e-05,
  "entropy": 2.3958141045147943
}