{
  "id": "incoherent_0118",
  "perplexity": 29.623293177639255,
  "mean_token_prob": 0.03375721915870031,
  "min_token_prob": 4.244255808767427e-05,
  "entropy": 3.3885609835386274
}