{
  "id": "incoherent_0007",
  "perplexity": 21.39444361620565,
  "mean_token_prob": 0.04674110801565926,
  "min_token_prob": 4.157166093837712e-05,
  "entropy": 3.0631312442119003
}