{
  "id": "incoherent_0123",
  "perplexity": 30.916175851283366,
  "mean_token_prob": 0.03234552697624434,
  "min_token_prob": 2.1802452753151307e-05,
  "entropy": 3.431279537263231
}