{
  "id": "incoherent_0054",
  "perplexity": 25.249054129626845,
  "mean_token_prob": 0.03960544402440073,
  "min_token_prob": 2.1802452753151307e-05,
  "entropy": 3.2287886948069193
}