{
  "id": "incoherent_0036",
  "perplexity": 22.787108287297265,
  "mean_token_prob": 0.043884462538735236,
  "min_token_prob": 9.286641568858685e-05,
  "entropy": 3.1261949500511004
}