{
  "id": "incoherent_0098",
  "perplexity": 30.566482768330197,
  "mean_token_prob": 0.032715573053635594,
  "min_token_prob": 6.054146565407811e-05,
  "entropy": 3.4199040742729463
}