{
  "id": "incoherent_0109",
  "perplexity": 38.76649457703147,
  "mean_token_prob": 0.025795471344795876,
  "min_token_prob": 0.0001009902901203789,
  "entropy": 3.6575563317331086
}