{
  "id": "incoherent_0097",
  "perplexity": 31.956654742827126,
  "mean_token_prob": 0.03129238676724936,
  "min_token_prob": 2.1802452753151307e-05,
  "entropy": 3.4643804452954665
}