{
  "id": "incoherent_0107",
  "perplexity": 32.311766732870176,
  "mean_token_prob": 0.03094847794202222,
  "min_token_prob": 0.0001501358004785829,
  "entropy": 3.4754314590245485
}