{
  "id": "incoherent_0075",
  "perplexity": 38.92490014759022,
  "mean_token_prob": 0.02569049621728852,
  "min_token_prob": 8.27341958861185e-05,
  "entropy": 3.6616341524653966
}