{
  "id": "incoherent_0000",
  "perplexity": 39.92709413875775,
  "mean_token_prob": 0.025045649365934872,
  "min_token_prob": 2.1802452753151307e-05,
  "entropy": 3.6870551445416266
}