{
  "id": "incoherent_0009",
  "perplexity": 31.01485551736798,
  "mean_token_prob": 0.03224261352563809,
  "min_token_prob": 2.1802452753151307e-05,
  "entropy": 3.4344662999382662
}