{
  "id": "incoherent_0076",
  "perplexity": 11.895593311284436,
  "mean_token_prob": 0.08406474345851894,
  "min_token_prob": 0.00022340321334873094,
  "entropy": 2.4761680215597153
}