{
  "id": "incoherent_0004",
  "perplexity": 23.219601170308444,
  "mean_token_prob": 0.04306706186145558,
  "min_token_prob": 5.98820334144347e-05,
  "entropy": 3.14499679999426
}