{
  "id": "incoherent_0002",
  "perplexity": 28.834414013735653,
  "mean_token_prob": 0.034680781080678,
  "min_token_prob": 6.486503521770684e-05,
  "entropy": 3.3615696048125243
}