{
  "id": "incoherent_0116",
  "perplexity": 37.4494429599248,
  "mean_token_prob": 0.026702666874647903,
  "min_token_prob": 4.3994938423543455e-05,
  "entropy": 3.622991835618288
}