{
  "id": "incoherent_0024",
  "perplexity": 39.48116810759989,
  "mean_token_prob": 0.025328531244938165,
  "min_token_prob": 2.1802452753151307e-05,
  "entropy": 3.6758238014528097
}