{
  "id": "incoherent_0013",
  "perplexity": 12.59695729313127,
  "mean_token_prob": 0.07938424944452808,
  "min_token_prob": 0.00019541533548185996,
  "entropy": 2.5334553001231925
}