{
  "id": "incoherent_0072",
  "perplexity": 26.941920959488552,
  "mean_token_prob": 0.037116878247236286,
  "min_token_prob": 0.0001009902901203789,
  "entropy": 3.2936834735436396
}