{
  "id": "incoherent_0077",
  "perplexity": 12.595180157966604,
  "mean_token_prob": 0.07939545028004127,
  "min_token_prob": 6.99729453246019e-05,
  "entropy": 2.533314213629753
}