{
  "id": "incoherent_0092",
  "perplexity": 28.889742533180424,
  "mean_token_prob": 0.03461436178780343,
  "min_token_prob": 2.1802452753151307e-05,
  "entropy": 3.363486602468215
}