{
  "id": "incoherent_0050",
  "perplexity": 24.063561141726634,
  "mean_token_prob": 0.041556608937069694,
  "min_token_prob": 0.00023173171244479724,
  "entropy": 3.1806987104720847
}