{
  "id": "incoherent_0055",
  "perplexity": 43.58668455758757,
  "mean_token_prob": 0.022942786544793987,
  "min_token_prob": 4.049491665400602e-05,
  "entropy": 3.774751703655564
}