{
  "id": "incoherent_0049",
  "perplexity": 14.085300503385927,
  "mean_token_prob": 0.07099600038775267,
  "min_token_prob": 2.1802452753151307e-05,
  "entropy": 2.645131736094424
}