{
  "id": "incoherent_0071",
  "perplexity": 24.712302970962337,
  "mean_token_prob": 0.040465674169462416,
  "min_token_prob": 2.1802452753151307e-05,
  "entropy": 3.207301215615679
}