{
  "id": "incoherent_0038",
  "perplexity": 31.717223307925057,
  "mean_token_prob": 0.0315286111363391,
  "min_token_prob": 3.649820730055667e-05,
  "entropy": 3.4568598553538323
}