{
  "id": "incoherent_0082",
  "perplexity": 21.95202676625273,
  "mean_token_prob": 0.04555388031584032,
  "min_token_prob": 9.286641568858685e-05,
  "entropy": 3.0888594708508914
}