{
  "id": "incoherent_0099",
  "perplexity": 11.409194937076547,
  "mean_token_prob": 0.0876486032112829,
  "min_token_prob": 2.338113880791819e-05,
  "entropy": 2.4344196037226724
}