{
  "id": "incoherent_0083",
  "perplexity": 24.018278596742785,
  "mean_token_prob": 0.041634957141999926,
  "min_token_prob": 6.272729089873236e-05,
  "entropy": 3.1788151486692104
}