{
  "id": "incoherent_0106",
  "perplexity": 31.255861744061605,
  "mean_token_prob": 0.03199399869977967,
  "min_token_prob": 2.7438879902879125e-05,
  "entropy": 3.4422069344022392
}