{
  "id": "incoherent_0095",
  "perplexity": 31.97133687221928,
  "mean_token_prob": 0.0312780164306775,
  "min_token_prob": 2.1802452753151307e-05,
  "entropy": 3.46483977865725
}