{
  "id": "incoherent_0068",
  "perplexity": 30.805785613268352,
  "mean_token_prob": 0.032461434762737884,
  "min_token_prob": 0.00015225741145944994,
  "entropy": 3.4277025169255784
}