{
  "id": "incoherent_0040",
  "perplexity": 23.199893298779124,
  "mean_token_prob": 0.04310364651774602,
  "min_token_prob": 0.00012412236453734795,
  "entropy": 3.144147679471133
}