{
  "id": "incoherent_0016",
  "perplexity": 30.353145551481465,
  "mean_token_prob": 0.03294551460256126,
  "min_token_prob": 3.691238083817823e-05,
  "entropy": 3.4129001546879203
}