{
  "id": "incoherent_0087",
  "perplexity": 34.7894585108019,
  "mean_token_prob": 0.028744339314436484,
  "min_token_prob": 2.1802452753151307e-05,
  "entropy": 3.549314424535735
}