{
  "id": "incoherent_0100",
  "perplexity": 15.928912878715378,
  "mean_token_prob": 0.06277892330845915,
  "min_token_prob": 6.996173534730765e-05,
  "entropy": 2.7681358779470124
}