{
  "id": "incoherent_0012",
  "perplexity": 11.541880966884925,
  "mean_token_prob": 0.08664099056896557,
  "min_token_prob": 6.054146565407811e-05,
  "entropy": 2.4459822431949543
}