{
  "id": "incoherent_0074",
  "perplexity": 41.77914001414859,
  "mean_token_prob": 0.023935389758174726,
  "min_token_prob": 2.1802452753151307e-05,
  "entropy": 3.7323971722437292
}