{
  "id": "incoherent_0122",
  "perplexity": 38.07144330650707,
  "mean_token_prob": 0.02626640634422921,
  "min_token_prob": 9.286641568858685e-05,
  "entropy": 3.6394644815882202
}