{
  "id": "incoherent_0090",
  "perplexity": 34.11879000813269,
  "mean_token_prob": 0.029309362956940616,
  "min_token_prob": 0.0001009902901203789,
  "entropy": 3.5298482591615006
}