{
  "id": "incoherent_0084",
  "perplexity": 28.6016660889099,
  "mean_token_prob": 0.034962998200574864,
  "min_token_prob": 0.00013875138753787687,
  "entropy": 3.3534649709860482
}