{
  "id": "incoherent_0018",
  "perplexity": 40.45355859539392,
  "mean_token_prob": 0.024719704142761395,
  "min_token_prob": 0.00015407435949850364,
  "entropy": 3.700154614799163
}