{
  "id": "incoherent_0028",
  "perplexity": 18.1825530301185,
  "mean_token_prob": 0.05499777717373075,
  "min_token_prob": 7.287820020260921e-05,
  "entropy": 2.9004625095894525
}