{
  "id": "incoherent_0010",
  "perplexity": 30.26105416505564,
  "mean_token_prob": 0.033045775422944894,
  "min_token_prob": 0.00010884200609900536,
  "entropy": 3.4098615446686744
}