{
  "id": "incoherent_0005",
  "perplexity": 12.384497112736288,
  "mean_token_prob": 0.08074611273247376,
  "min_token_prob": 0.00012693358253034221,
  "entropy": 2.5164454575740445
}