{
  "id": "incoherent_0021",
  "perplexity": 25.314891238773416,
  "mean_token_prob": 0.039502441095553883,
  "min_token_prob": 0.00012328017479337883,
  "entropy": 3.231392809097155
}