{
  "id": "incoherent_0046",
  "perplexity": 27.431030661795482,
  "mean_token_prob": 0.03645506478882502,
  "min_token_prob": 4.139730843088772e-05,
  "entropy": 3.3116748784979184
}