{
  "id": "incoherent_0039",
  "perplexity": 34.12469892702655,
  "mean_token_prob": 0.029304287845540705,
  "min_token_prob": 9.286641568858685e-05,
  "entropy": 3.5300214308149673
}