{
  "id": "incoherent_0064",
  "perplexity": 33.98420186342072,
  "mean_token_prob": 0.029425437266966132,
  "min_token_prob": 6.486503521770684e-05,
  "entropy": 3.525895765556538
}