{
  "id": "incoherent_0088",
  "perplexity": 29.61883072605367,
  "mean_token_prob": 0.033762305110862055,
  "min_token_prob": 0.00019541533548185996,
  "entropy": 3.38841033223513
}