{
  "id": "incoherent_0121",
  "perplexity": 22.993163892396172,
  "mean_token_prob": 0.0434911874103024,
  "min_token_prob": 0.00022340321334873094,
  "entropy": 3.1351969496801844
}