{
  "id": "incoherent_0060",
  "perplexity": 20.043831231261542,
  "mean_token_prob": 0.04989066154380411,
  "min_token_prob": 2.1802452753151307e-05,
  "entropy": 2.9979214371489165
}