{
  "id": "incoherent_0089",
  "perplexity": 17.462489044563117,
  "mean_token_prob": 0.0572656050032768,
  "min_token_prob": 2.1802452753151307e-05,
  "entropy": 2.860055097213556
}