{
  "id": "incoherent_0120",
  "perplexity": 30.015405998470687,
  "mean_token_prob": 0.0333162243432906,
  "min_token_prob": 0.00022340321334873094,
  "entropy": 3.4017107831314206
}