{
  "id": "incoherent_0043",
  "perplexity": 32.164703157016845,
  "mean_token_prob": 0.03108998068840708,
  "min_token_prob": 6.486503521770684e-05,
  "entropy": 3.4708696760629354
}