{
  "id": "incoherent_0069",
  "perplexity": 27.358019344715952,
  "mean_token_prob": 0.03655235371390818,
  "min_token_prob": 0.0001009902901203789,
  "entropy": 3.3090096977624026
}