{
  "id": "incoherent_0065",
  "perplexity": 28.574560593576564,
  "mean_token_prob": 0.03499616369340761,
  "min_token_prob": 3.462779078981798e-05,
  "entropy": 3.352516832259985
}