{
  "id": "incoherent_0114",
  "perplexity": 10.112707148403429,
  "mean_token_prob": 0.0988854898421416,
  "min_token_prob": 8.16569278227905e-05,
  "entropy": 2.3137927665657525
}