{
  "id": "incoherent_0103",
  "perplexity": 33.94774762255731,
  "mean_token_prob": 0.029457035297844873,
  "min_token_prob": 0.0001009902901203789,
  "entropy": 3.524822507843827
}