{
  "id": "incoherent_0081",
  "perplexity": 18.580715915903102,
  "mean_token_prob": 0.05381923950218232,
  "min_token_prob": 6.98323502371009e-05,
  "entropy": 2.9221242641774463
}