{
  "id": "incoherent_0026",
  "perplexity": 22.858490476290473,
  "mean_token_prob": 0.043747420724795046,
  "min_token_prob": 7.315659987196994e-05,
  "entropy": 3.1293226227782474
}