{
  "id": "incoherent_0079",
  "perplexity": 36.35146634004245,
  "mean_token_prob": 0.027509206661588338,
  "min_token_prob": 0.0001009902901203789,
  "entropy": 3.5932345426443852
}