{
  "id": "loop_0091",
  "perplexity": 1.1481728640798028,
  "mean_token_prob": 0.8709489932088273,
  "min_token_prob": 0.0001781324456450075,
  "entropy": 0.1381718650283025
}