{
  "id": "loop_0021",
  "perplexity": 1.9587968944244536,
  "mean_token_prob": 0.5105174522414313,
  "min_token_prob": 6.286125423038432e-05,
  "entropy": 0.6723304553967664
}