{
  "id": "loop_0004",
  "perplexity": 1.1864459635791258,
  "mean_token_prob": 0.8428533879312309,
  "min_token_prob": 0.0001781324456450075,
  "entropy": 0.17096225315040772
}