{
  "id": "loop_0100",
  "perplexity": 2.2373752561986473,
  "mean_token_prob": 0.44695229252647733,
  "min_token_prob": 3.826274466803562e-05,
  "entropy": 0.8053034181931062
}