{
  "id": "loop_0019",
  "perplexity": 1.6492961650301547,
  "mean_token_prob": 0.6063192416273621,
  "min_token_prob": 6.286125423038432e-05,
  "entropy": 0.5003486302586646
}