{
  "id": "loop_0115",
  "perplexity": 1.591410791481656,
  "mean_token_prob": 0.6283732681421413,
  "min_token_prob": 1.2180133371479275e-05,
  "entropy": 0.4646209130628853
}