{
  "id": "loop_0000",
  "perplexity": 1.2042705730633603,
  "mean_token_prob": 0.8303781744465053,
  "min_token_prob": 0.0001781324456450075,
  "entropy": 0.18587405009691238
}