{
  "id": "loop_0023",
  "perplexity": 1.2717290432417963,
  "mean_token_prob": 0.7863310233529582,
  "min_token_prob": 3.826274466803562e-05,
  "entropy": 0.24037742590738914
}