{
  "id": "loop_0020",
  "perplexity": 1.4837444301487046,
  "mean_token_prob": 0.6739705165395481,
  "min_token_prob": 2.1790198358259053e-06,
  "entropy": 0.3945689130332321
}