{
  "id": "loop_0122",
  "perplexity": 1.2275487119321322,
  "mean_token_prob": 0.8146316233968622,
  "min_token_prob": 2.1790198358259053e-06,
  "entropy": 0.20501926375425272
}