{
  "id": "loop_0082",
  "perplexity": 1.6653713582518819,
  "mean_token_prob": 0.6004666737211614,
  "min_token_prob": 3.826274466803562e-05,
  "entropy": 0.5100481365522509
}