{
  "id": "loop_0092",
  "perplexity": 1.4214099360736403,
  "mean_token_prob": 0.7035268113872197,
  "min_token_prob": 5.744488008569378e-05,
  "entropy": 0.3516492917292958
}