{
  "id": "loop_0081",
  "perplexity": 1.2534125577170896,
  "mean_token_prob": 0.7978219093491101,
  "min_token_prob": 3.826274466803562e-05,
  "entropy": 0.2258698776804522
}