{
  "id": "loop_0093",
  "perplexity": 1.8329732699818455,
  "mean_token_prob": 0.5455616927844804,
  "min_token_prob": 3.826274466803562e-05,
  "entropy": 0.6059393860899445
}