{
  "id": "loop_0010",
  "perplexity": 1.1585848778169736,
  "mean_token_prob": 0.8631219163538695,
  "min_token_prob": 6.286125423038432e-05,
  "entropy": 0.14719932747797393
}