{
  "id": "loop_0026",
  "perplexity": 1.511549461901669,
  "mean_token_prob": 0.6615727934843149,
  "min_token_prob": 2.1790198358259053e-06,
  "entropy": 0.4131352584212314
}