{
  "id": "loop_0031",
  "perplexity": 1.3258287144588234,
  "mean_token_prob": 0.7542452423110928,
  "min_token_prob": 5.744488008569378e-05,
  "entropy": 0.28203770880363954
}