{
  "id": "loop_0102",
  "perplexity": 1.555905931845947,
  "mean_token_prob": 0.6427123770995506,
  "min_token_prob": 3.826274466803562e-05,
  "entropy": 0.44205796881685666
}