{
  "id": "loop_0070",
  "perplexity": 1.3165331741557647,
  "mean_token_prob": 0.7595706812638857,
  "min_token_prob": 2.1790198358259053e-06,
  "entropy": 0.27500189838779937
}