{
  "id": "loop_0055",
  "perplexity": 1.2812196933559516,
  "mean_token_prob": 0.7805062669468175,
  "min_token_prob": 6.286125423038432e-05,
  "entropy": 0.24781250965873527
}