{
  "id": "loop_0068",
  "perplexity": 1.217932957603132,
  "mean_token_prob": 0.8210632561975992,
  "min_token_prob": 5.744488008569378e-05,
  "entropy": 0.19715512475400757
}