{
  "id": "loop_0096",
  "perplexity": 1.2504650450738501,
  "mean_token_prob": 0.7997024818402195,
  "min_token_prob": 2.1790198358259053e-06,
  "entropy": 0.22351551818503507
}