{
  "id": "loop_0080",
  "perplexity": 1.6028859729648937,
  "mean_token_prob": 0.6238746965576584,
  "min_token_prob": 0.0001781324456450075,
  "entropy": 0.4718057375757184
}