{
  "id": "loop_0044",
  "perplexity": 1.192019795133458,
  "mean_token_prob": 0.8389122429699588,
  "min_token_prob": 0.0001781324456450075,
  "entropy": 0.17564917516085457
}