{
  "id": "loop_0018",
  "perplexity": 1.456319086371318,
  "mean_token_prob": 0.6866627028089569,
  "min_token_prob": 0.0001781324456450075,
  "entropy": 0.3759120784915967
}