{
  "id": "loop_0046",
  "perplexity": 1.279238749062158,
  "mean_token_prob": 0.7817149071923635,
  "min_token_prob": 2.1790198358259053e-06,
  "entropy": 0.24626517371590914
}