{
  "id": "loop_0024",
  "perplexity": 1.1359454086902154,
  "mean_token_prob": 0.8803239947534405,
  "min_token_prob": 0.0001781324456450075,
  "entropy": 0.12746526341380182
}