{
  "id": "loop_0097",
  "perplexity": 1.2636795106124952,
  "mean_token_prob": 0.7913398861039601,
  "min_token_prob": 0.0001781324456450075,
  "entropy": 0.23402771184437018
}