{
  "id": "loop_0120",
  "perplexity": 1.6898206649094447,
  "mean_token_prob": 0.5917787731951951,
  "min_token_prob": 2.1790198358259053e-06,
  "entropy": 0.5246224078661422
}