{
  "id": "loop_0069",
  "perplexity": 1.2372091406936772,
  "mean_token_prob": 0.8082707822861065,
  "min_token_prob": 6.286125423038432e-05,
  "entropy": 0.2128581500116991
}