{
  "id": "loop_0049",
  "perplexity": 1.2710896822223758,
  "mean_token_prob": 0.7867265496574545,
  "min_token_prob": 6.286125423038432e-05,
  "entropy": 0.23987455008184064
}