{
  "id": "loop_0085",
  "perplexity": 1.7221079719758654,
  "mean_token_prob": 0.5806836831796599,
  "min_token_prob": 0.0001781324456450075,
  "entropy": 0.5435491055357392
}