{
  "id": "loop_0035",
  "perplexity": 1.5198076883122937,
  "mean_token_prob": 0.6579779847741615,
  "min_token_prob": 0.0001781324456450075,
  "entropy": 0.41858380600657236
}