{
  "id": "loop_0034",
  "perplexity": 1.1449042165665795,
  "mean_token_prob": 0.873435511486604,
  "min_token_prob": 0.0001781324456450075,
  "entropy": 0.13532097985339858
}