{
  "id": "loop_0007",
  "perplexity": 1.2133729905542237,
  "mean_token_prob": 0.8241488872628006,
  "min_token_prob": 2.1790198358259053e-06,
  "entropy": 0.19340407696912404
}