{
  "id": "loop_0110",
  "perplexity": 1.879743316764192,
  "mean_token_prob": 0.5319875278085359,
  "min_token_prob": 3.0832802472431243e-05,
  "entropy": 0.6311352338842243
}