{
  "id": "loop_0057",
  "perplexity": 1.1728618526358896,
  "mean_token_prob": 0.8526153338115654,
  "min_token_prob": 6.286125423038432e-05,
  "entropy": 0.15944679004666448
}