{
  "id": "loop_0105",
  "perplexity": 1.2115991102623218,
  "mean_token_prob": 0.8253555087074067,
  "min_token_prob": 5.744488008569378e-05,
  "entropy": 0.19194106582132087
}