{
  "id": "loop_0064",
  "perplexity": 2.3994456829438002,
  "mean_token_prob": 0.41676292449893393,
  "min_token_prob": 3.826274466803562e-05,
  "entropy": 0.8752377452371918
}