{
  "id": "loop_0090",
  "perplexity": 1.5307284908996444,
  "mean_token_prob": 0.6532837181414693,
  "min_token_prob": 6.286125423038432e-05,
  "entropy": 0.4257437599295946
}