{
  "id": "loop_0075",
  "perplexity": 1.217838318357703,
  "mean_token_prob": 0.8211270617174654,
  "min_token_prob": 2.1790198358259053e-06,
  "entropy": 0.19707741692781683
}