{
  "id": "loop_0015",
  "perplexity": 1.181198053898639,
  "mean_token_prob": 0.8465980761646361,
  "min_token_prob": 0.0001781324456450075,
  "entropy": 0.16652922332331957
}