{
  "id": "loop_0088",
  "perplexity": 1.5241339634268765,
  "mean_token_prob": 0.656110305259251,
  "min_token_prob": 0.0001781324456450075,
  "entropy": 0.42142635591232896
}