{
  "id": "loop_0027",
  "perplexity": 1.2246654434211495,
  "mean_token_prob": 0.8165495363423189,
  "min_token_prob": 5.744488008569378e-05,
  "entropy": 0.20266769928476325
}