{
  "id": "loop_0029",
  "perplexity": 3.881569416055792,
  "mean_token_prob": 0.2576277512553511,
  "min_token_prob": 2.4303635605644913e-05,
  "entropy": 1.3562395605258644
}