{
  "id": "loop_0124",
  "perplexity": 1.2056285429445441,
  "mean_token_prob": 0.829442870983851,
  "min_token_prob": 5.744488008569378e-05,
  "entropy": 0.1870010433522689
}