{
  "id": "loop_0013",
  "perplexity": 1.287656832257078,
  "mean_token_prob": 0.7766044298053723,
  "min_token_prob": 2.1790198358259053e-06,
  "entropy": 0.2528241575991487
}