{
  "id": "loop_0108",
  "perplexity": 1.2260072847779546,
  "mean_token_prob": 0.8156558386038568,
  "min_token_prob": 0.0001781324456450075,
  "entropy": 0.20376277940334422
}