{
  "id": "loop_0047",
  "perplexity": 1.6666040434535785,
  "mean_token_prob": 0.6000225452038236,
  "min_token_prob": 2.1790198358259053e-06,
  "entropy": 0.5107880491322201
}