{
  "id": "loop_0099",
  "perplexity": 1.596508297029209,
  "mean_token_prob": 0.6263669295429314,
  "min_token_prob": 5.744488008569378e-05,
  "entropy": 0.4678189301709141
}