{
  "id": "loop_0076",
  "perplexity": 1.1946634882287541,
  "mean_token_prob": 0.8370557984346133,
  "min_token_prob": 5.744488008569378e-05,
  "entropy": 0.1778645459182289
}