{
  "id": "loop_0043",
  "perplexity": 1.8883224851232032,
  "mean_token_prob": 0.5295705621673806,
  "min_token_prob": 2.7464274369205903e-05,
  "entropy": 0.6356888609356247
}