{
  "id": "loop_0067",
  "perplexity": 1.816935090329458,
  "mean_token_prob": 0.5503773939544938,
  "min_token_prob": 0.0001781324456450075,
  "entropy": 0.5971510652368348
}