{
  "id": "loop_0001",
  "perplexity": 1.416419219366652,
  "mean_token_prob": 0.7060056700213001,
  "min_token_prob": 2.1790198358259053e-06,
  "entropy": 0.3481320103295017
}