{
  "id": "loop_0006",
  "perplexity": 1.3977928055922775,
  "mean_token_prob": 0.7154136120884358,
  "min_token_prob": 0.0001781324456450075,
  "entropy": 0.33489442509692163
}