{
  "id": "loop_0123",
  "perplexity": 2.445512220231522,
  "mean_token_prob": 0.4089122891012697,
  "min_token_prob": 6.286125423038432e-05,
  "entropy": 0.8942545980126049
}