{
  "id": "loop_0032",
  "perplexity": 1.2529709864513991,
  "mean_token_prob": 0.7981030772565206,
  "min_token_prob": 6.286125423038432e-05,
  "entropy": 0.2255175203796023
}