{
  "id": "loop_0113",
  "perplexity": 1.327571675115512,
  "mean_token_prob": 0.7532549983886858,
  "min_token_prob": 2.1790198358259053e-06,
  "entropy": 0.28335146523046945
}