{
  "id": "loop_0016",
  "perplexity": 2.2418644660432894,
  "mean_token_prob": 0.4460572952319993,
  "min_token_prob": 5.744488008569378e-05,
  "entropy": 0.8073078705672107
}