{
  "id": "loop_0071",
  "perplexity": 1.5857841897865927,
  "mean_token_prob": 0.6306028313566269,
  "min_token_prob": 0.0001781324456450075,
  "entropy": 0.4610790419405223
}