{
  "id": "loop_0028",
  "perplexity": 1.223332456394106,
  "mean_token_prob": 0.8174392780745795,
  "min_token_prob": 6.286125423038432e-05,
  "entropy": 0.20157865655405724
}