{
  "id": "loop_0059",
  "perplexity": 1.5351823275503922,
  "mean_token_prob": 0.6513884260221039,
  "min_token_prob": 0.0001781324456450075,
  "entropy": 0.42864915414847743
}