{
  "id": "loop_0052",
  "perplexity": 1.2110213511069265,
  "mean_token_prob": 0.8257492727819837,
  "min_token_prob": 0.0001781324456450075,
  "entropy": 0.1914640953873948
}