{
  "id": "loop_0118",
  "perplexity": 1.8074405271299088,
  "mean_token_prob": 0.5532685501901029,
  "min_token_prob": 5.2204511226513276e-08,
  "entropy": 0.5919117711235118
}