{
  "id": "loop_0012",
  "perplexity": 1.2652987754317349,
  "mean_token_prob": 0.7903271696906433,
  "min_token_prob": 3.826274466803562e-05,
  "entropy": 0.23530828040397822
}