{
  "id": "loop_0022",
  "perplexity": 1.419801607591388,
  "mean_token_prob": 0.7043237552720077,
  "min_token_prob": 3.826274466803562e-05,
  "entropy": 0.35051714888859287
}