{
  "id": "loop_0119",
  "perplexity": 1.287797991678867,
  "mean_token_prob": 0.7765193038516292,
  "min_token_prob": 0.0001781324456450075,
  "entropy": 0.25293377662303407
}