{
  "id": "loop_0078",
  "perplexity": 1.3062349673838738,
  "mean_token_prob": 0.7655590494586123,
  "min_token_prob": 2.1790198358259053e-06,
  "entropy": 0.2671489284418923
}