{
  "id": "loop_0045",
  "perplexity": 1.2442404153081725,
  "mean_token_prob": 0.8037031973055793,
  "min_token_prob": 2.1790198358259053e-06,
  "entropy": 0.2185252355387294
}