{
  "id": "loop_0101",
  "perplexity": 1.580050364932294,
  "mean_token_prob": 0.6328912180231993,
  "min_token_prob": 0.0001781324456450075,
  "entropy": 0.4574567230702559
}