{
  "id": "loop_0063",
  "perplexity": 1.5428933097352109,
  "mean_token_prob": 0.648132954942697,
  "min_token_prob": 2.1790198358259053e-06,
  "entropy": 0.4336594262951573
}