{
  "id": "loop_0039",
  "perplexity": 1.2479064212256072,
  "mean_token_prob": 0.8013421383134397,
  "min_token_prob": 3.826274466803562e-05,
  "entropy": 0.22146728414356887
}