{
  "id": "loop_0077",
  "perplexity": 1.7651000143451188,
  "mean_token_prob": 0.5665401347645541,
  "min_token_prob": 2.202162788594356e-06,
  "entropy": 0.5682073541311818
}