{
  "id": "loop_0051",
  "perplexity": 1.5413527765558102,
  "mean_token_prob": 0.6487807432601665,
  "min_token_prob": 1.8298945558513004e-06,
  "entropy": 0.4326604571698586
}