{
  "id": "loop_0117",
  "perplexity": 1.5878766731853218,
  "mean_token_prob": 0.6297718310792828,
  "min_token_prob": 0.0001781324456450075,
  "entropy": 0.4623976980870267
}