{
  "id": "loop_0083",
  "perplexity": 1.175961961537742,
  "mean_token_prob": 0.8503676417325218,
  "min_token_prob": 5.744488008569378e-05,
  "entropy": 0.16208650332213206
}