{
  "id": "loop_0106",
  "perplexity": 1.9032272831091002,
  "mean_token_prob": 0.5254233211529031,
  "min_token_prob": 3.826274466803562e-05,
  "entropy": 0.6435510152911553
}