{
  "id": "loop_0025",
  "perplexity": 1.2966436077106946,
  "mean_token_prob": 0.7712219410587019,
  "min_token_prob": 2.1790198358259053e-06,
  "entropy": 0.2597790855475876
}