{
  "id": "loop_0107",
  "perplexity": 1.211037678169902,
  "mean_token_prob": 0.8257381401305215,
  "min_token_prob": 6.286125423038432e-05,
  "entropy": 0.19147757735689133
}