{
  "id": "loop_0094",
  "perplexity": 1.171846165787879,
  "mean_token_prob": 0.8533543302824736,
  "min_token_prob": 5.744488008569378e-05,
  "entropy": 0.15858042467958253
}