{
  "id": "loop_0009",
  "perplexity": 2.0686820233844627,
  "mean_token_prob": 0.4833995697240856,
  "min_token_prob": 5.744488008569378e-05,
  "entropy": 0.7269117008164075
}