{
  "id": "loop_0048",
  "perplexity": 1.4926100224618815,
  "mean_token_prob": 0.6699673625067986,
  "min_token_prob": 0.0001781324456450075,
  "entropy": 0.4005262804600464
}