{
  "id": "loop_0073",
  "perplexity": 1.7637842774633037,
  "mean_token_prob": 0.5669627588687957,
  "min_token_prob": 0.0001781324456450075,
  "entropy": 0.5674616584188918
}