{
  "id": "loop_0036",
  "perplexity": 1.2327964948298493,
  "mean_token_prob": 0.8111638897367405,
  "min_token_prob": 2.1790198358259053e-06,
  "entropy": 0.20928516176035739
}