{
  "id": "loop_0061",
  "perplexity": 1.3013287327572034,
  "mean_token_prob": 0.7684453396193288,
  "min_token_prob": 3.826274466803562e-05,
  "entropy": 0.26338584459769887
}