{
  "id": "loop_0112",
  "perplexity": 2.392421932361798,
  "mean_token_prob": 0.41798647072792894,
  "min_token_prob": 5.744488008569378e-05,
  "entropy": 0.8723062136607889
}