{
  "id": "loop_0011",
  "perplexity": 1.780197866215602,
  "mean_token_prob": 0.5617353098652063,
  "min_token_prob": 3.826274466803562e-05,
  "entropy": 0.5767245189213723
}