{
  "id": "loop_0058",
  "perplexity": 1.726148485064912,
  "mean_token_prob": 0.5793244374121123,
  "min_token_prob": 0.0001781324456450075,
  "entropy": 0.5458926173879511
}