{
  "id": "loop_0065",
  "perplexity": 1.3523684949004038,
  "mean_token_prob": 0.7394434311142732,
  "min_token_prob": 2.1790198358259053e-06,
  "entropy": 0.30185749588400396
}