{
  "id": "loop_0030",
  "perplexity": 1.5027541573375787,
  "mean_token_prob": 0.6654448401405154,
  "min_token_prob": 0.0001781324456450075,
  "entropy": 0.4072995294198016
}