{
  "id": "loop_0037",
  "perplexity": 1.5421573331643295,
  "mean_token_prob": 0.6484422688235805,
  "min_token_prob": 0.0001781324456450075,
  "entropy": 0.4331823018197213
}