{
  "id": "loop_0109",
  "perplexity": 1.339490783980897,
  "mean_token_prob": 0.7465523555362226,
  "min_token_prob": 2.1790198358259053e-06,
  "entropy": 0.29228952978542505
}