{
  "id": "loop_0084",
  "perplexity": 1.1976933880145386,
  "mean_token_prob": 0.8349382321110895,
  "min_token_prob": 2.1790198358259053e-06,
  "entropy": 0.18039753038711054
}