{
  "id": "loop_0062",
  "perplexity": 1.2785214269541554,
  "mean_token_prob": 0.7821534930253911,
  "min_token_prob": 3.826274466803562e-05,
  "entropy": 0.24570427505657824
}