{
  "id": "loop_0104",
  "perplexity": 1.4779442389526145,
  "mean_token_prob": 0.6766155133895154,
  "min_token_prob": 3.826274466803562e-05,
  "entropy": 0.39065209444801907
}