{
  "id": "loop_0087",
  "perplexity": 1.6183411968633892,
  "mean_token_prob": 0.6179166679672767,
  "min_token_prob": 2.1790198358259053e-06,
  "entropy": 0.48140167209327406
}