{
  "id": "loop_0111",
  "perplexity": 1.381545841560931,
  "mean_token_prob": 0.7238268683651903,
  "min_token_prob": 2.1790198358259053e-06,
  "entropy": 0.3232030472853371
}