{
  "id": "loop_0053",
  "perplexity": 2.6180689871631615,
  "mean_token_prob": 0.381960905118685,
  "min_token_prob": 3.826274466803562e-05,
  "entropy": 0.9624370182341687
}