{
  "id": "loop_0005",
  "perplexity": 1.578525216691451,
  "mean_token_prob": 0.6335027083672282,
  "min_token_prob": 2.1790198358259053e-06,
  "entropy": 0.45649100398583875
}