{
  "id": "loop_0008",
  "perplexity": 1.6978230111071295,
  "mean_token_prob": 0.5889895433493462,
  "min_token_prob": 7.83121901817847e-05,
  "entropy": 0.5293468487150573
}