{
  "id": "loop_0038",
  "perplexity": 2.118158558363882,
  "mean_token_prob": 0.4721081885259925,
  "min_token_prob": 3.826274466803562e-05,
  "entropy": 0.7505471066830653
}