{
  "id": "loop_0114",
  "perplexity": 1.2592034187092003,
  "mean_token_prob": 0.7941528629465542,
  "min_token_prob": 3.826274466803562e-05,
  "entropy": 0.23047931366238625
}