{
  "id": "loop_0079",
  "perplexity": 1.8291821363742191,
  "mean_token_prob": 0.546692415213603,
  "min_token_prob": 3.826274466803562e-05,
  "entropy": 0.6038689469407266
}