{
  "id": "loop_0072",
  "perplexity": 1.6242412390165128,
  "mean_token_prob": 0.6156720910531157,
  "min_token_prob": 6.286125423038432e-05,
  "entropy": 0.485040776900027
}