{
  "id": "loop_0060",
  "perplexity": 1.5114739201362928,
  "mean_token_prob": 0.661605858147938,
  "min_token_prob": 5.744488008569378e-05,
  "entropy": 0.413085280795626
}