{
  "id": "loop_0003",
  "perplexity": 1.1949070049039563,
  "mean_token_prob": 0.836885210226362,
  "min_token_prob": 6.286125423038432e-05,
  "entropy": 0.17806836219127464
}