{
  "id": "loop_0041",
  "perplexity": 1.7753637984627608,
  "mean_token_prob": 0.5632648366863585,
  "min_token_prob": 5.744488008569378e-05,
  "entropy": 0.5740053588070158
}