{
  "id": "loop_0033",
  "perplexity": 1.1671490295159213,
  "mean_token_prob": 0.8567886145737131,
  "min_token_prob": 0.0001781324456450075,
  "entropy": 0.15456404824954822
}