{
  "id": "loop_0089",
  "perplexity": 1.36198781453986,
  "mean_token_prob": 0.734220959486223,
  "min_token_prob": 3.826274466803562e-05,
  "entropy": 0.30894526094710745
}