{
  "id": "loop_0086",
  "perplexity": 1.157183118727433,
  "mean_token_prob": 0.8641674630543443,
  "min_token_prob": 5.744488008569378e-05,
  "entropy": 0.1459887059797632
}