{
  "id": "normal_0153",
  "perplexity": 81.10805393897583,
  "mean_token_prob": 0.012329231826377948,
  "min_token_prob": 2.173829729850684e-07,
  "entropy": 4.395782264932576
}