{
  "id": "normal_0182",
  "perplexity": 42.25102753249887,
  "mean_token_prob": 0.023668063438949852,
  "min_token_prob": 3.6291548972754113e-07,
  "entropy": 3.7436286738032805
}