{
  "id": "normal_0380",
  "perplexity": 61.32807106692951,
  "mean_token_prob": 0.01630574682364727,
  "min_token_prob": 1.5034046862350552e-05,
  "entropy": 4.116237667438231
}