{
  "id": "normal_0306",
  "perplexity": 123.39044159049378,
  "mean_token_prob": 0.008104355467976878,
  "min_token_prob": 1.700263012947944e-07,
  "entropy": 4.815353649723179
}