{
  "id": "normal_0156",
  "perplexity": 57.315041389369895,
  "mean_token_prob": 0.017447426988781132,
  "min_token_prob": 8.290321746468724e-05,
  "entropy": 4.048563091705243
}