{
  "id": "normal_0338",
  "perplexity": 33.52507190409019,
  "mean_token_prob": 0.029828422228618576,
  "min_token_prob": 3.650020761398954e-06,
  "entropy": 3.5122935739556045
}