{
  "id": "normal_0382",
  "perplexity": 29.57973610825221,
  "mean_token_prob": 0.03380692770010947,
  "min_token_prob": 5.612995632294073e-07,
  "entropy": 3.3870895359532107
}