{
  "id": "normal_0350",
  "perplexity": 35.6986172833007,
  "mean_token_prob": 0.028012289441467685,
  "min_token_prob": 3.853078740979865e-05,
  "entropy": 3.5751119564753027
}