{
  "id": "normal_0220",
  "perplexity": 38.7386459479637,
  "mean_token_prob": 0.025814015320599123,
  "min_token_prob": 1.413202466824861e-06,
  "entropy": 3.6568377050697
}