{
  "id": "normal_0103",
  "perplexity": 103.65314580699996,
  "mean_token_prob": 0.009647560546420651,
  "min_token_prob": 1.162254180001995e-05,
  "entropy": 4.641050188705839
}