{
  "id": "normal_0159",
  "perplexity": 52.06787268497228,
  "mean_token_prob": 0.01920570110575341,
  "min_token_prob": 9.153426613033745e-06,
  "entropy": 3.9525481114328347
}