{
  "id": "normal_0042",
  "perplexity": 55.00558720338756,
  "mean_token_prob": 0.018179971360044206,
  "min_token_prob": 1.870465130211959e-06,
  "entropy": 4.007434765589149
}