{
  "id": "normal_0285",
  "perplexity": 64.97566181871613,
  "mean_token_prob": 0.015390378058634127,
  "min_token_prob": 8.321637906533544e-06,
  "entropy": 4.1740127662196755
}