{
  "id": "normal_0309",
  "perplexity": 105.18086689526594,
  "mean_token_prob": 0.009507432573224103,
  "min_token_prob": 2.4834736367665793e-06,
  "entropy": 4.655681410143452
}