{
  "id": "normal_0403",
  "perplexity": 52.16380198878873,
  "mean_token_prob": 0.019170381794926,
  "min_token_prob": 0.00013247075233329436,
  "entropy": 3.95438880585134
}