{
  "id": "normal_0213",
  "perplexity": 105.70391426805189,
  "mean_token_prob": 0.00946038760176965,
  "min_token_prob": 4.864469304088432e-06,
  "entropy": 4.660641924054786
}