{
  "id": "normal_0337",
  "perplexity": 70.52562773630001,
  "mean_token_prob": 0.014179242809990522,
  "min_token_prob": 5.227680420801441e-06,
  "entropy": 4.255976157753091
}