{
  "id": "normal_0364",
  "perplexity": 29.208618458672305,
  "mean_token_prob": 0.034236470355998326,
  "min_token_prob": 3.171047830803028e-06,
  "entropy": 3.3744638184195055
}