{
  "id": "normal_0131",
  "perplexity": 35.51814483064435,
  "mean_token_prob": 0.028154623637246384,
  "min_token_prob": 5.624854263708919e-07,
  "entropy": 3.570043687893
}