{
  "id": "normal_0004",
  "perplexity": 142.16663785538364,
  "mean_token_prob": 0.007033999080833798,
  "min_token_prob": 2.826045116720966e-06,
  "entropy": 4.956999875605106
}