{
  "id": "normal_0469",
  "perplexity": 49.21127899135438,
  "mean_token_prob": 0.020320544812007096,
  "min_token_prob": 1.665439808088387e-05,
  "entropy": 3.8961228450167584
}