{
  "id": "normal_0496",
  "perplexity": 70.39791268219318,
  "mean_token_prob": 0.014204966623292303,
  "min_token_prob": 4.968112525947919e-07,
  "entropy": 4.2541636133237795
}