{
  "id": "normal_0262",
  "perplexity": 42.642875073022836,
  "mean_token_prob": 0.02345057640432481,
  "min_token_prob": 1.4394518609723341e-06,
  "entropy": 3.7528602042501524
}