{
  "id": "normal_0381",
  "perplexity": 60.61118837999023,
  "mean_token_prob": 0.016498604081653895,
  "min_token_prob": 3.199320472592627e-05,
  "entropy": 4.104479502766363
}