{
  "id": "normal_0067",
  "perplexity": 34.69816492941655,
  "mean_token_prob": 0.028819967915715797,
  "min_token_prob": 3.8052445421881564e-07,
  "entropy": 3.5466868016759263
}