{
  "id": "normal_0398",
  "perplexity": 39.7781407919354,
  "mean_token_prob": 0.025139435380618382,
  "min_token_prob": 8.02575475310371e-06,
  "entropy": 3.6833175350770806
}