{
  "id": "normal_0411",
  "perplexity": 74.52434472474455,
  "mean_token_prob": 0.013418433985478128,
  "min_token_prob": 6.371777564441184e-05,
  "entropy": 4.311125846835034
}