{
  "id": "normal_0458",
  "perplexity": 100.97743509138142,
  "mean_token_prob": 0.009903202622398076,
  "min_token_prob": 4.297987359073036e-06,
  "entropy": 4.614897076943607
}