{
  "id": "normal_0293",
  "perplexity": 119.61880025174212,
  "mean_token_prob": 0.00835988989937588,
  "min_token_prob": 3.837110828212989e-06,
  "entropy": 4.784310021903366
}