{
  "id": "normal_0142",
  "perplexity": 78.56766363479935,
  "mean_token_prob": 0.012727882614000477,
  "min_token_prob": 1.0123429832407212e-05,
  "entropy": 4.363960210647848
}