{
  "id": "normal_0014",
  "perplexity": 73.71474996103117,
  "mean_token_prob": 0.013565806036493964,
  "min_token_prob": 0.0001517911508308307,
  "entropy": 4.300202914327383
}