{
  "id": "normal_0100",
  "perplexity": 63.7355170200353,
  "mean_token_prob": 0.015689838990176376,
  "min_token_prob": 1.5245980527113301e-06,
  "entropy": 4.154741974228895
}