{
  "id": "normal_0428",
  "perplexity": 52.98265998382734,
  "mean_token_prob": 0.01887409956965627,
  "min_token_prob": 2.114908898562286e-08,
  "entropy": 3.9699646899038377
}