{
  "id": "normal_0372",
  "perplexity": 45.42700752461792,
  "mean_token_prob": 0.022013336437758473,
  "min_token_prob": 2.960273388585041e-07,
  "entropy": 3.8161068075735654
}