{
  "id": "normal_0031",
  "perplexity": 55.820788455508364,
  "mean_token_prob": 0.017914472863403644,
  "min_token_prob": 1.6611411071537975e-05,
  "entropy": 4.02214635297274
}