{
  "id": "normal_0145",
  "perplexity": 43.11795293142575,
  "mean_token_prob": 0.02319219564041891,
  "min_token_prob": 1.3853355109139815e-05,
  "entropy": 3.7639394517128286
}