{
  "id": "normal_0335",
  "perplexity": 55.589538326482796,
  "mean_token_prob": 0.017988996313063478,
  "min_token_prob": 5.762067552318699e-05,
  "entropy": 4.017995023956666
}