{
  "id": "normal_0189",
  "perplexity": 66.96627327829741,
  "mean_token_prob": 0.014932890110880375,
  "min_token_prob": 4.7531053068845735e-05,
  "entropy": 4.204189108744744
}