{
  "id": "normal_0281",
  "perplexity": 148.5570814476107,
  "mean_token_prob": 0.00673141926494197,
  "min_token_prob": 1.9871351002861958e-06,
  "entropy": 5.0009692712376514
}