{
  "id": "normal_0291",
  "perplexity": 145.65496809825302,
  "mean_token_prob": 0.006865539933560248,
  "min_token_prob": 5.041846355454869e-07,
  "entropy": 4.981240592664108
}