{
  "id": "normal_0019",
  "perplexity": 91.3513802743882,
  "mean_token_prob": 0.01094674209624795,
  "min_token_prob": 4.517598736483017e-07,
  "entropy": 4.514713392445915
}