{
  "id": "normal_0412",
  "perplexity": 49.20129578892835,
  "mean_token_prob": 0.02032466795772943,
  "min_token_prob": 3.1420030817217125e-07,
  "entropy": 3.8959199603247856
}