{
  "id": "normal_0333",
  "perplexity": 48.67882872056024,
  "mean_token_prob": 0.0205428114497265,
  "min_token_prob": 0.00011478445960750627,
  "entropy": 3.8852442070361106
}