{
  "id": "normal_0316",
  "perplexity": 116.77204254181737,
  "mean_token_prob": 0.008563693656740558,
  "min_token_prob": 2.776789365063221e-06,
  "entropy": 4.76022367994301
}