{
  "id": "normal_0447",
  "perplexity": 41.474969343959664,
  "mean_token_prob": 0.024110928008332286,
  "min_token_prob": 1.7467471352848995e-06,
  "entropy": 3.7250900969311997
}