{
  "id": "normal_0047",
  "perplexity": 63.97009162917622,
  "mean_token_prob": 0.015632305262228332,
  "min_token_prob": 8.202316836309645e-06,
  "entropy": 4.158415655838326
}