{
  "id": "normal_0126",
  "perplexity": 68.91782900879367,
  "mean_token_prob": 0.014510033388782508,
  "min_token_prob": 5.850783719645315e-06,
  "entropy": 4.232914911000989
}