{
  "id": "normal_0089",
  "perplexity": 44.850371701528445,
  "mean_token_prob": 0.022296359251040974,
  "min_token_prob": 1.665439808088387e-05,
  "entropy": 3.8033318761299597
}