{
  "id": "normal_0082",
  "perplexity": 40.570057936131974,
  "mean_token_prob": 0.02464872003816867,
  "min_token_prob": 1.665439808088387e-05,
  "entropy": 3.7030303052708726
}