{
  "id": "normal_0228",
  "perplexity": 108.71128705474645,
  "mean_token_prob": 0.009198676854008775,
  "min_token_prob": 2.8168198747810004e-07,
  "entropy": 4.688695625486699
}