{
  "id": "normal_0093",
  "perplexity": 44.734806921163646,
  "mean_token_prob": 0.022353958110567115,
  "min_token_prob": 4.079267690254667e-05,
  "entropy": 3.8007518769326536
}