{
  "id": "normal_0098",
  "perplexity": 43.622689920425415,
  "mean_token_prob": 0.022923849992381395,
  "min_token_prob": 1.8301039826473268e-06,
  "entropy": 3.775577426007068
}