{
  "id": "normal_0477",
  "perplexity": 45.254980738477805,
  "mean_token_prob": 0.022097015260681693,
  "min_token_prob": 1.4009243406330858e-06,
  "entropy": 3.8123127356570747
}