{
  "id": "normal_0416",
  "perplexity": 52.95297360102272,
  "mean_token_prob": 0.01888468072698917,
  "min_token_prob": 1.5791513178693914e-05,
  "entropy": 3.9694042291301184
}