{
  "id": "normal_0276",
  "perplexity": 121.23394832871779,
  "mean_token_prob": 0.00824851465934745,
  "min_token_prob": 4.395809336755462e-06,
  "entropy": 4.797722136136144
}