{
  "id": "normal_0287",
  "perplexity": 137.07664834738742,
  "mean_token_prob": 0.007295188582855799,
  "min_token_prob": 1.600493351936728e-06,
  "entropy": 4.920540246367454
}