{
  "id": "normal_0280",
  "perplexity": 102.84109703001495,
  "mean_token_prob": 0.009723739136195158,
  "min_token_prob": 1.3729046414413715e-06,
  "entropy": 4.633185049688274
}