{
  "id": "normal_0270",
  "perplexity": 36.30570643568114,
  "mean_token_prob": 0.027543879411122074,
  "min_token_prob": 9.882057586139819e-06,
  "entropy": 3.591974931000732
}