{
  "id": "normal_0308",
  "perplexity": 58.84154478893701,
  "mean_token_prob": 0.016994795150041903,
  "min_token_prob": 1.0155349404750174e-05,
  "entropy": 4.074848149449397
}