{
  "id": "normal_0094",
  "perplexity": 40.48312012661112,
  "mean_token_prob": 0.024701653352619462,
  "min_token_prob": 8.217090353901702e-08,
  "entropy": 3.7008851002353955
}