{
  "id": "normal_0455",
  "perplexity": 31.698723769927966,
  "mean_token_prob": 0.03154701139572953,
  "min_token_prob": 2.2953595777334677e-06,
  "entropy": 3.456276420449071
}