{
  "id": "normal_0167",
  "perplexity": 75.26853068671056,
  "mean_token_prob": 0.013285764859185173,
  "min_token_prob": 6.914292852993175e-06,
  "entropy": 4.321062128286104
}