{
  "id": "normal_0146",
  "perplexity": 64.29094987984465,
  "mean_token_prob": 0.015554288774219873,
  "min_token_prob": 1.3328429577625258e-06,
  "entropy": 4.163418872968147
}