{
  "id": "normal_0226",
  "perplexity": 128.1521895828274,
  "mean_token_prob": 0.007803222116261068,
  "min_token_prob": 1.68983731682177e-06,
  "entropy": 4.853218538757188
}