{
  "id": "normal_0123",
  "perplexity": 45.75818994620521,
  "mean_token_prob": 0.021854011296680045,
  "min_token_prob": 9.591377433185213e-07,
  "entropy": 3.8233707909178185
}