{
  "id": "normal_0132",
  "perplexity": 39.472721082617696,
  "mean_token_prob": 0.025333951462504122,
  "min_token_prob": 7.839184415355901e-05,
  "entropy": 3.6756098278258977
}