{
  "id": "normal_0353",
  "perplexity": 53.260907740109644,
  "mean_token_prob": 0.01877549674668653,
  "min_token_prob": 1.0089243334071484e-05,
  "entropy": 3.9752026238025
}