{
  "id": "normal_0359",
  "perplexity": 49.042071277072466,
  "mean_token_prob": 0.02039065589930553,
  "min_token_prob": 2.1738754781131687e-05,
  "entropy": 3.8926785272179227
}