{
  "id": "normal_0317",
  "perplexity": 45.94674440463404,
  "mean_token_prob": 0.02176432765711129,
  "min_token_prob": 1.5245943690410774e-07,
  "entropy": 3.827482995467589
}