{
  "id": "normal_0165",
  "perplexity": 43.29278847552858,
  "mean_token_prob": 0.02309853523445952,
  "min_token_prob": 2.3742499114773583e-05,
  "entropy": 3.7679860732285304
}