{
  "id": "normal_0339",
  "perplexity": 41.01169636814427,
  "mean_token_prob": 0.024383287904587807,
  "min_token_prob": 1.8911866462033492e-05,
  "entropy": 3.7138573032922957
}