{
  "id": "normal_0059",
  "perplexity": 40.383128171142324,
  "mean_token_prob": 0.024762816683294917,
  "min_token_prob": 5.009922468141006e-06,
  "entropy": 3.698412078213604
}