{
  "id": "normal_0091",
  "perplexity": 36.440324937869946,
  "mean_token_prob": 0.027442126317616018,
  "min_token_prob": 2.755499572061124e-05,
  "entropy": 3.5956759894175865
}