{
  "id": "normal_0038",
  "perplexity": 51.309695640977836,
  "mean_token_prob": 0.019489493895991125,
  "min_token_prob": 0.00011206283629276734,
  "entropy": 3.937879733168162
}