{
  "id": "normal_0462",
  "perplexity": 25.637643063801786,
  "mean_token_prob": 0.03900514557876487,
  "min_token_prob": 2.755499572061124e-05,
  "entropy": 3.2440617036384842
}