{
  "id": "normal_0057",
  "perplexity": 146.22358868389964,
  "mean_token_prob": 0.0068388418653967,
  "min_token_prob": 4.03545283231855e-06,
  "entropy": 4.985136879608035
}