{
  "id": "normal_0482",
  "perplexity": 29.536752871940926,
  "mean_token_prob": 0.03385612509051296,
  "min_token_prob": 2.755499572061124e-05,
  "entropy": 3.3856353479719092
}