{
  "id": "normal_0452",
  "perplexity": 73.75595713957632,
  "mean_token_prob": 0.01355822687118808,
  "min_token_prob": 2.1738754781131687e-05,
  "entropy": 4.300761766731739
}