{
  "id": "normal_0318",
  "perplexity": 56.1648628199131,
  "mean_token_prob": 0.017804726118648202,
  "min_token_prob": 4.079267690254667e-05,
  "entropy": 4.028291344642639
}