{
  "id": "normal_0183",
  "perplexity": 81.07406478235796,
  "mean_token_prob": 0.012334400682690377,
  "min_token_prob": 1.4572671700158617e-06,
  "entropy": 4.395363116910791
}