{
  "id": "normal_0365",
  "perplexity": 54.05627354927704,
  "mean_token_prob": 0.018499240408949246,
  "min_token_prob": 4.924012015348731e-06,
  "entropy": 3.990025606716517
}