{
  "id": "normal_0494",
  "perplexity": 85.07036886295064,
  "mean_token_prob": 0.01175497430381443,
  "min_token_prob": 8.30915580490879e-06,
  "entropy": 4.4434787829717
}