{
  "id": "normal_0013",
  "perplexity": 92.15352287095675,
  "mean_token_prob": 0.010851457099478521,
  "min_token_prob": 4.517598736483017e-07,
  "entropy": 4.523455913129606
}