{
  "id": "normal_0238",
  "perplexity": 94.26349946221653,
  "mean_token_prob": 0.01060856010762499,
  "min_token_prob": 4.005874376236994e-06,
  "entropy": 4.5460940464399755
}