{
  "id": "normal_0268",
  "perplexity": 122.64278171563555,
  "mean_token_prob": 0.00815376156681312,
  "min_token_prob": 8.728069519229949e-07,
  "entropy": 4.8092759162668255
}