{
  "id": "normal_0443",
  "perplexity": 87.29110794171595,
  "mean_token_prob": 0.011455920580910687,
  "min_token_prob": 3.314756255296592e-06,
  "entropy": 4.469248601320115
}