{
  "id": "normal_0027",
  "perplexity": 47.87475107162875,
  "mean_token_prob": 0.02088783706684616,
  "min_token_prob": 1.6100983745566157e-06,
  "entropy": 3.868588247939068
}