{
  "id": "normal_0049",
  "perplexity": 62.83730588823005,
  "mean_token_prob": 0.015914113214508585,
  "min_token_prob": 0.00011478445960750627,
  "entropy": 4.140548939906782
}