{
  "id": "normal_0245",
  "perplexity": 37.96503039906895,
  "mean_token_prob": 0.02634002895529155,
  "min_token_prob": 1.3504273232016041e-05,
  "entropy": 3.636665483377874
}