{
  "id": "normal_0273",
  "perplexity": 112.05815183566764,
  "mean_token_prob": 0.008923938005567785,
  "min_token_prob": 3.990698403558771e-06,
  "entropy": 4.719017949369219
}