{
  "id": "normal_0344",
  "perplexity": 71.28605792574633,
  "mean_token_prob": 0.014027988488879966,
  "min_token_prob": 8.02575475310371e-06,
  "entropy": 4.266700767286238
}