{
  "id": "normal_0255",
  "perplexity": 46.173938430357474,
  "mean_token_prob": 0.02165723856344342,
  "min_token_prob": 1.6816231624860462e-05,
  "entropy": 3.832415535682585
}