{
  "id": "normal_0295",
  "perplexity": 88.31549541312286,
  "mean_token_prob": 0.011323041277436002,
  "min_token_prob": 4.381577091264119e-05,
  "entropy": 4.48091557820638
}