{
  "id": "normal_0092",
  "perplexity": 70.10095659128507,
  "mean_token_prob": 0.014265140571909394,
  "min_token_prob": 0.00011620430838597318,
  "entropy": 4.249936440042802
}