{
  "id": "normal_0253",
  "perplexity": 62.10633683545098,
  "mean_token_prob": 0.016101416553506807,
  "min_token_prob": 6.532376294828921e-06,
  "entropy": 4.128848026172282
}