{
  "id": "normal_0441",
  "perplexity": 62.1265715939735,
  "mean_token_prob": 0.016096172287366386,
  "min_token_prob": 4.857758966824345e-05,
  "entropy": 4.129173781384122
}