{
  "id": "normal_0193",
  "perplexity": 83.57257872099419,
  "mean_token_prob": 0.011965647288909023,
  "min_token_prob": 1.554672502847269e-06,
  "entropy": 4.425715460555276
}