{
  "id": "normal_0177",
  "perplexity": 42.59508245425433,
  "mean_token_prob": 0.02347688846650235,
  "min_token_prob": 7.480444095448512e-07,
  "entropy": 3.75173881126601
}