{
  "id": "normal_0051",
  "perplexity": 72.67020368023584,
  "mean_token_prob": 0.01376079808996009,
  "min_token_prob": 3.43933933861261e-05,
  "entropy": 4.285931447435073
}