{
  "id": "normal_0334",
  "perplexity": 89.75057691222683,
  "mean_token_prob": 0.011141989660723493,
  "min_token_prob": 1.7403985694245622e-06,
  "entropy": 4.497034455339114
}