{
  "id": "normal_0312",
  "perplexity": 139.61351248523823,
  "mean_token_prob": 0.007162630480382285,
  "min_token_prob": 1.7607610238737644e-06,
  "entropy": 4.9388779799508695
}