{
  "id": "normal_0006",
  "perplexity": 58.64533389740998,
  "mean_token_prob": 0.017051654983315973,
  "min_token_prob": 8.02575475310371e-06,
  "entropy": 4.071508013493111
}