{
  "id": "normal_0115",
  "perplexity": 72.74678008488861,
  "mean_token_prob": 0.013746312879183032,
  "min_token_prob": 2.1738754781131687e-05,
  "entropy": 4.286984645070568
}