{
  "id": "normal_0468",
  "perplexity": 45.997131309061714,
  "mean_token_prob": 0.02174048623338808,
  "min_token_prob": 4.539319326311616e-08,
  "entropy": 3.8285790316979673
}