{
  "id": "normal_0484",
  "perplexity": 48.710917437215286,
  "mean_token_prob": 0.02052927870407953,
  "min_token_prob": 2.0713237134464984e-05,
  "entropy": 3.8859031823201056
}