{
  "id": "normal_0076",
  "perplexity": 88.0126373060631,
  "mean_token_prob": 0.011362004714419699,
  "min_token_prob": 1.7403985694245622e-06,
  "entropy": 4.477480409918605
}