{
  "id": "normal_0133",
  "perplexity": 58.393023888335584,
  "mean_token_prob": 0.017125333360236496,
  "min_token_prob": 1.665439808088387e-05,
  "entropy": 4.067196428732132
}