{
  "id": "normal_0373",
  "perplexity": 45.99538094899775,
  "mean_token_prob": 0.02174131357035299,
  "min_token_prob": 3.38782936670679e-05,
  "entropy": 3.8285409772950336
}