{
  "id": "normal_0101",
  "perplexity": 44.54759027324657,
  "mean_token_prob": 0.02244790332914053,
  "min_token_prob": 7.027953844719502e-08,
  "entropy": 3.796558062066598
}