{
  "id": "normal_0307",
  "perplexity": 53.22283245628514,
  "mean_token_prob": 0.018788928620462945,
  "min_token_prob": 8.290321746468724e-05,
  "entropy": 3.974487485784677
}