{
  "id": "normal_0472",
  "perplexity": 60.747118739277305,
  "mean_token_prob": 0.01646168609727706,
  "min_token_prob": 6.954984906399676e-06,
  "entropy": 4.106719652935863
}