{
  "id": "normal_0349",
  "perplexity": 26.86781722987693,
  "mean_token_prob": 0.03721924976056496,
  "min_token_prob": 2.0560327437578744e-06,
  "entropy": 3.290929184860896
}