{
  "id": "normal_0442",
  "perplexity": 95.0670648887523,
  "mean_token_prob": 0.010518890019063936,
  "min_token_prob": 2.8095775467069356e-06,
  "entropy": 4.554582588735126
}