{
  "id": "normal_0487",
  "perplexity": 66.744322417172,
  "mean_token_prob": 0.01498254778510898,
  "min_token_prob": 5.227680420801441e-06,
  "entropy": 4.200869236242127
}