{
  "id": "normal_0325",
  "perplexity": 35.60655329681688,
  "mean_token_prob": 0.028084717767091406,
  "min_token_prob": 6.569890401913388e-05,
  "entropy": 3.5725297022883487
}