{
  "id": "normal_0378",
  "perplexity": 139.8840832483444,
  "mean_token_prob": 0.007148776163651453,
  "min_token_prob": 2.1995506368292535e-07,
  "entropy": 4.940814102849653
}