{
  "id": "normal_0135",
  "perplexity": 55.096126145888434,
  "mean_token_prob": 0.018150096385217918,
  "min_token_prob": 1.5984013832815113e-05,
  "entropy": 4.009079407805052
}