{
  "id": "normal_0214",
  "perplexity": 90.54051569119547,
  "mean_token_prob": 0.01104477915070285,
  "min_token_prob": 1.1362404532362407e-05,
  "entropy": 4.505797437719397
}