{
  "id": "normal_0175",
  "perplexity": 82.61624777456905,
  "mean_token_prob": 0.012104156590706608,
  "min_token_prob": 1.9446365780327394e-06,
  "entropy": 4.414206365475783
}