{
  "id": "normal_0052",
  "perplexity": 48.67339394779298,
  "mean_token_prob": 0.020545105218522437,
  "min_token_prob": 3.5630667358997656e-05,
  "entropy": 3.8851325552910567
}