{
  "id": "normal_0490",
  "perplexity": 58.93651215288196,
  "mean_token_prob": 0.016967410582526314,
  "min_token_prob": 4.987274324036812e-06,
  "entropy": 4.076460799326499
}