{
  "id": "normal_0386",
  "perplexity": 44.0373036154186,
  "mean_token_prob": 0.02270802065296918,
  "min_token_prob": 1.3788387119152148e-07,
  "entropy": 3.785037084172169
}