{
  "id": "normal_0128",
  "perplexity": 53.89934963723842,
  "mean_token_prob": 0.01855309955927765,
  "min_token_prob": 1.0889214599965608e-06,
  "entropy": 3.9871184117426828
}