{
  "id": "normal_0239",
  "perplexity": 91.35611420749903,
  "mean_token_prob": 0.010946174852935177,
  "min_token_prob": 1.6535575384126107e-05,
  "entropy": 4.514765212248111
}