{
  "id": "normal_0385",
  "perplexity": 37.088747625139064,
  "mean_token_prob": 0.026962355539937175,
  "min_token_prob": 5.332350857246995e-05,
  "entropy": 3.613313625095321
}