{
  "id": "normal_0073",
  "perplexity": 78.01915226896107,
  "mean_token_prob": 0.012817365620080408,
  "min_token_prob": 8.739618291702973e-06,
  "entropy": 4.356954338458868
}