{
  "id": "normal_0436",
  "perplexity": 40.01459373661051,
  "mean_token_prob": 0.024990882241172702,
  "min_token_prob": 6.150303471614805e-06,
  "entropy": 3.689244230990024
}