{
  "id": "normal_0151",
  "perplexity": 59.10393656581571,
  "mean_token_prob": 0.01691934679996215,
  "min_token_prob": 4.4438774796853636e-08,
  "entropy": 4.079297530752442
}