{
  "id": "normal_0357",
  "perplexity": 33.83697581034692,
  "mean_token_prob": 0.029553468537049713,
  "min_token_prob": 3.492589849776434e-06,
  "entropy": 3.521554163437994
}