{
  "id": "normal_0007",
  "perplexity": 65.92403449483663,
  "mean_token_prob": 0.015168974527466503,
  "min_token_prob": 1.819922270402937e-06,
  "entropy": 4.188503086623369
}