{
  "id": "normal_0424",
  "perplexity": 49.69349518458327,
  "mean_token_prob": 0.0201233581233432,
  "min_token_prob": 3.853078740979865e-05,
  "entropy": 3.905874042938917
}