{
  "id": "normal_0498",
  "perplexity": 40.18169191928961,
  "mean_token_prob": 0.024886956029841544,
  "min_token_prob": 7.298516814727751e-07,
  "entropy": 3.693411466994268
}