{
  "id": "normal_0069",
  "perplexity": 45.25078341192478,
  "mean_token_prob": 0.02209906491334852,
  "min_token_prob": 1.6852441940126576e-06,
  "entropy": 3.8122199829667807
}