{
  "id": "normal_0395",
  "perplexity": 80.58636348836538,
  "mean_token_prob": 0.012409047346383543,
  "min_token_prob": 1.184837953279258e-06,
  "entropy": 4.3893294477095015
}