{
  "id": "normal_0066",
  "perplexity": 48.82933805518524,
  "mean_token_prob": 0.020479491220418235,
  "min_token_prob": 2.113972442843001e-05,
  "entropy": 3.8883313218724322
}