{
  "id": "normal_0480",
  "perplexity": 89.46373657949698,
  "mean_token_prob": 0.0111777133197584,
  "min_token_prob": 2.1738754781131687e-05,
  "entropy": 4.493833365291357
}