{
  "id": "normal_0102",
  "perplexity": 99.14024857675356,
  "mean_token_prob": 0.010086720724992011,
  "min_token_prob": 3.1119629925688466e-06,
  "entropy": 4.596535499919863
}