{
  "id": "normal_0178",
  "perplexity": 61.631485646523124,
  "mean_token_prob": 0.016225472897657044,
  "min_token_prob": 2.1738754781131687e-05,
  "entropy": 4.121172870582086
}