{
  "id": "normal_0305",
  "perplexity": 53.42626320652223,
  "mean_token_prob": 0.018717386168941738,
  "min_token_prob": 2.4817747937222715e-07,
  "entropy": 3.978302445409021
}