{
  "id": "normal_0044",
  "perplexity": 30.325132853802916,
  "mean_token_prob": 0.03297594786545495,
  "min_token_prob": 5.638783920879175e-06,
  "entropy": 3.411976835819789
}