{
  "id": "normal_0138",
  "perplexity": 124.53858622974406,
  "mean_token_prob": 0.008029639891328443,
  "min_token_prob": 4.182497081683639e-07,
  "entropy": 4.824615597442696
}