{
  "id": "normal_0310",
  "perplexity": 84.22755234201846,
  "mean_token_prob": 0.011872599549602864,
  "min_token_prob": 1.6101766874438695e-06,
  "entropy": 4.4335220926864585
}