{
  "id": "normal_0324",
  "perplexity": 47.87462680457815,
  "mean_token_prob": 0.020887891284916964,
  "min_token_prob": 1.5188722417847698e-05,
  "entropy": 3.8685856522657933
}