{
  "id": "normal_0022",
  "perplexity": 65.77048938581424,
  "mean_token_prob": 0.015204387398335002,
  "min_token_prob": 1.1653641036268955e-05,
  "entropy": 4.18617124815245
}