{
  "id": "normal_0449",
  "perplexity": 63.04621827473217,
  "mean_token_prob": 0.015861379593655703,
  "min_token_prob": 1.1653641036268955e-05,
  "entropy": 4.143868080829868
}