{
  "id": "normal_0488",
  "perplexity": 40.32328930809901,
  "mean_token_prob": 0.024799564151606755,
  "min_token_prob": 1.7517792838199067e-07,
  "entropy": 3.69692920049762
}