{
  "id": "normal_0444",
  "perplexity": 100.36320670232263,
  "mean_token_prob": 0.009963810771471272,
  "min_token_prob": 2.527156386052388e-07,
  "entropy": 4.608795672983808
}