{
  "id": "normal_0274",
  "perplexity": 106.89750648165894,
  "mean_token_prob": 0.009354755156721791,
  "min_token_prob": 2.3571699776828584e-06,
  "entropy": 4.671870492049493
}