{
  "id": "normal_0001",
  "perplexity": 72.48032454056558,
  "mean_token_prob": 0.013796847714724607,
  "min_token_prob": 7.059815684794518e-06,
  "entropy": 4.283315139381509
}