{
  "id": "normal_0195",
  "perplexity": 91.27402673544026,
  "mean_token_prob": 0.010956019316409932,
  "min_token_prob": 7.206971540081208e-06,
  "entropy": 4.513866264493235
}