{
  "id": "normal_0367",
  "perplexity": 49.86721291624374,
  "mean_token_prob": 0.02005325626839394,
  "min_token_prob": 3.1873003792763776e-05,
  "entropy": 3.909363731015019
}