{
  "id": "normal_0210",
  "perplexity": 126.64288046318742,
  "mean_token_prob": 0.007896219640161139,
  "min_token_prob": 3.053064669456462e-06,
  "entropy": 4.841371160601416
}