{
  "id": "normal_0467",
  "perplexity": 34.169467058344985,
  "mean_token_prob": 0.029265893971728674,
  "min_token_prob": 1.5719052769083376e-06,
  "entropy": 3.5313324692348638
}