{
  "id": "normal_0370",
  "perplexity": 51.76208988765309,
  "mean_token_prob": 0.019319158136204464,
  "min_token_prob": 0.0001359360457668058,
  "entropy": 3.946658025877789
}