{
  "id": "normal_0394",
  "perplexity": 35.08695505611057,
  "mean_token_prob": 0.028500620769195104,
  "min_token_prob": 3.5135112435408665e-07,
  "entropy": 3.557829410569476
}