{
  "id": "normal_0168",
  "perplexity": 96.03513308553416,
  "mean_token_prob": 0.01041285587753958,
  "min_token_prob": 1.969251713330527e-05,
  "entropy": 4.564714094158262
}