{
  "id": "normal_0070",
  "perplexity": 102.8419848468697,
  "mean_token_prob": 0.009723655192857141,
  "min_token_prob": 5.733325547191938e-06,
  "entropy": 4.633193682550507
}