{
  "id": "normal_0120",
  "perplexity": 50.496578321354164,
  "mean_token_prob": 0.019803321992157962,
  "min_token_prob": 8.164551222994253e-08,
  "entropy": 3.921905577972983
}