{
  "id": "normal_0329",
  "perplexity": 27.786623692286547,
  "mean_token_prob": 0.03598853934447588,
  "min_token_prob": 7.043601636322865e-06,
  "entropy": 3.3245547427529734
}