{
  "id": "normal_0184",
  "perplexity": 70.86364537584502,
  "mean_token_prob": 0.01411160821174556,
  "min_token_prob": 1.6535575384126107e-05,
  "entropy": 4.2607575428762265
}