{
  "id": "normal_0134",
  "perplexity": 70.4420510023861,
  "mean_token_prob": 0.014196065926106081,
  "min_token_prob": 8.02575475310371e-06,
  "entropy": 4.254790400216977
}