{
  "id": "normal_0304",
  "perplexity": 70.55789529573265,
  "mean_token_prob": 0.014172758354095637,
  "min_token_prob": 4.1113245166354046e-05,
  "entropy": 4.256433582678437
}