{
  "id": "normal_0434",
  "perplexity": 40.9906387519986,
  "mean_token_prob": 0.024395814030861922,
  "min_token_prob": 1.5188722417847698e-05,
  "entropy": 3.7133437175126303
}