{
  "id": "normal_0063",
  "perplexity": 118.82490937065205,
  "mean_token_prob": 0.008415743847787734,
  "min_token_prob": 1.3415170706183852e-06,
  "entropy": 4.777651059786987
}