{
  "id": "normal_0211",
  "perplexity": 59.33822818456746,
  "mean_token_prob": 0.0168525422917848,
  "min_token_prob": 2.1738754781131687e-05,
  "entropy": 4.0832537557139545
}