{
  "id": "normal_0266",
  "perplexity": 28.277816533505582,
  "mean_token_prob": 0.035363409293469615,
  "min_token_prob": 3.6161769076539403e-06,
  "entropy": 3.342077629189962
}