{
  "id": "normal_0114",
  "perplexity": 87.14360522188956,
  "mean_token_prob": 0.011475311326100732,
  "min_token_prob": 9.367938408039716e-06,
  "entropy": 4.467557392588684
}