{
  "id": "normal_0351",
  "perplexity": 129.76284198946695,
  "mean_token_prob": 0.00770636635779888,
  "min_token_prob": 5.344755489777575e-06,
  "entropy": 4.8657084920189595
}