{
  "id": "normal_0084",
  "perplexity": 30.02323661440202,
  "mean_token_prob": 0.03330753485519627,
  "min_token_prob": 3.436285256495676e-06,
  "entropy": 3.4019716356635548
}