{
  "id": "normal_0377",
  "perplexity": 86.35691352828621,
  "mean_token_prob": 0.011579848782720215,
  "min_token_prob": 2.9436483087255947e-06,
  "entropy": 4.458488865409579
}