{
  "id": "normal_0478",
  "perplexity": 83.12967590243866,
  "mean_token_prob": 0.012029398516765592,
  "min_token_prob": 8.140795524005363e-05,
  "entropy": 4.420401748851873
}