{
  "id": "normal_0254",
  "perplexity": 62.83829365494591,
  "mean_token_prob": 0.015913863057630807,
  "min_token_prob": 1.318569911485102e-05,
  "entropy": 4.140564659214578
}