{
  "id": "normal_0068",
  "perplexity": 32.02413509543764,
  "mean_token_prob": 0.03122644833403998,
  "min_token_prob": 1.2800845312955215e-06,
  "entropy": 3.4664898402498743
}