{
  "id": "normal_0368",
  "perplexity": 65.11989446666605,
  "mean_token_prob": 0.015356290242636768,
  "min_token_prob": 3.9192539245062645e-05,
  "entropy": 4.176230101095092
}