{
  "id": "normal_0413",
  "perplexity": 62.05317461471573,
  "mean_token_prob": 0.01611521096557811,
  "min_token_prob": 1.6535575384126107e-05,
  "entropy": 4.127991672545191
}