{
  "id": "normal_0163",
  "perplexity": 63.911142087290735,
  "mean_token_prob": 0.015646723988036168,
  "min_token_prob": 8.02575475310371e-06,
  "entropy": 4.157493713746468
}