{
  "id": "normal_0414",
  "perplexity": 84.8830355659832,
  "mean_token_prob": 0.011780917038748659,
  "min_token_prob": 6.925815538839904e-06,
  "entropy": 4.441274256696208
}