{
  "id": "normal_0453",
  "perplexity": 75.77548494397786,
  "mean_token_prob": 0.013196880240876289,
  "min_token_prob": 8.290321746468724e-05,
  "entropy": 4.327774822711945
}