{
  "id": "normal_0136",
  "perplexity": 55.812708262802836,
  "mean_token_prob": 0.01791706640164,
  "min_token_prob": 8.022250006636543e-06,
  "entropy": 4.022001590102147
}