{
  "id": "normal_0121",
  "perplexity": 47.3783170139076,
  "mean_token_prob": 0.02110670161007316,
  "min_token_prob": 8.02575475310371e-06,
  "entropy": 3.8581646770762745
}