{
  "id": "normal_0160",
  "perplexity": 76.13099739385669,
  "mean_token_prob": 0.013135254157076025,
  "min_token_prob": 1.5245980527113301e-06,
  "entropy": 4.332455506425743
}