{
  "id": "normal_0062",
  "perplexity": 140.85152047386634,
  "mean_token_prob": 0.007099674867801945,
  "min_token_prob": 3.2305611972218174e-06,
  "entropy": 4.947706289250743
}