{
  "id": "normal_0223",
  "perplexity": 43.43071625794071,
  "mean_token_prob": 0.023025178633040936,
  "min_token_prob": 8.68291835159548e-06,
  "entropy": 3.7711669386497566
}