{
  "id": "normal_0354",
  "perplexity": 35.75458748069288,
  "mean_token_prob": 0.027968439030096208,
  "min_token_prob": 2.755499572061124e-05,
  "entropy": 3.576678582045826
}