{
  "id": "normal_0265",
  "perplexity": 112.80161185830377,
  "mean_token_prob": 0.008865121548583493,
  "min_token_prob": 6.175482186515405e-06,
  "entropy": 4.725630628485834
}