{
  "id": "normal_0286",
  "perplexity": 72.04889350443048,
  "mean_token_prob": 0.013879463671964751,
  "min_token_prob": 6.81767346104498e-06,
  "entropy": 4.277344964998397
}