{
  "id": "normal_0417",
  "perplexity": 108.07639229757926,
  "mean_token_prob": 0.009252714480388873,
  "min_token_prob": 6.710637547358161e-06,
  "entropy": 4.682838313168649
}