{
  "id": "normal_0404",
  "perplexity": 51.16181582438361,
  "mean_token_prob": 0.01954582697831851,
  "min_token_prob": 1.60399098192606e-06,
  "entropy": 3.9349934691297155
}