{
  "id": "normal_0215",
  "perplexity": 122.46910269256651,
  "mean_token_prob": 0.008165324788165503,
  "min_token_prob": 1.7078613048774194e-06,
  "entropy": 4.807858775253408
}