{
  "id": "normal_0271",
  "perplexity": 52.45743592445311,
  "mean_token_prob": 0.0190630743263959,
  "min_token_prob": 4.980760002083021e-07,
  "entropy": 3.960002096470546
}