{
  "id": "normal_0369",
  "perplexity": 51.43507536702947,
  "mean_token_prob": 0.01944198570458424,
  "min_token_prob": 2.1738754781131687e-05,
  "entropy": 3.9403203398687765
}