{
  "id": "normal_0391",
  "perplexity": 54.836257367776696,
  "mean_token_prob": 0.018236109610712193,
  "min_token_prob": 2.678383917250177e-05,
  "entropy": 4.004351605971654
}