{
  "id": "normal_0260",
  "perplexity": 61.52117801674172,
  "mean_token_prob": 0.016254565212126964,
  "min_token_prob": 1.6535575384126107e-05,
  "entropy": 4.119381473530666
}