{
  "id": "normal_0055",
  "perplexity": 43.47745946467662,
  "mean_token_prob": 0.023000423951000465,
  "min_token_prob": 8.910925524077233e-05,
  "entropy": 3.7722426305706724
}