{
  "id": "normal_0017",
  "perplexity": 50.65382019235942,
  "mean_token_prob": 0.019741847627730142,
  "min_token_prob": 3.853078740979865e-05,
  "entropy": 3.925014651194215
}