{
  "id": "normal_0246",
  "perplexity": 83.77841860031167,
  "mean_token_prob": 0.01193624822128452,
  "min_token_prob": 9.591377433185213e-07,
  "entropy": 4.428175439717821
}