{
  "id": "normal_0234",
  "perplexity": 51.09215109640134,
  "mean_token_prob": 0.019572477935273988,
  "min_token_prob": 1.9287784259254246e-06,
  "entropy": 3.9336308865158847
}