{
  "id": "normal_0216",
  "perplexity": 60.493995510844464,
  "mean_token_prob": 0.01653056624141705,
  "min_token_prob": 3.8766162239457994e-05,
  "entropy": 4.1025441123567745
}