{
  "id": "normal_0106",
  "perplexity": 70.19442537868089,
  "mean_token_prob": 0.014246145539410815,
  "min_token_prob": 5.1564634562272734e-06,
  "entropy": 4.251268897318479
}