{
  "id": "normal_0355",
  "perplexity": 99.28518834198663,
  "mean_token_prob": 0.010071995800174264,
  "min_token_prob": 1.554672502847269e-06,
  "entropy": 4.597996399220493
}