{
  "id": "normal_0179",
  "perplexity": 74.12953912878984,
  "mean_token_prob": 0.01348989905714425,
  "min_token_prob": 1.6368261098857887e-05,
  "entropy": 4.305814091581851
}