{
  "id": "normal_0249",
  "perplexity": 51.90933543173786,
  "mean_token_prob": 0.019264357589686854,
  "min_token_prob": 1.8310012986630055e-06,
  "entropy": 3.949498647440444
}