{
  "id": "normal_0030",
  "perplexity": 67.2145961124877,
  "mean_token_prob": 0.014877720879650001,
  "min_token_prob": 9.370372929495475e-07,
  "entropy": 4.207890427998595
}