{
  "id": "normal_0122",
  "perplexity": 60.44053218315015,
  "mean_token_prob": 0.01654518853291606,
  "min_token_prob": 3.886399797326008e-05,
  "entropy": 4.101659942513857
}