{
  "id": "normal_0282",
  "perplexity": 70.94258072896619,
  "mean_token_prob": 0.014095906713916532,
  "min_token_prob": 1.0862905826334468e-05,
  "entropy": 4.261870827721922
}