{
  "id": "normal_0343",
  "perplexity": 76.63796599126867,
  "mean_token_prob": 0.013048363002143475,
  "min_token_prob": 2.400972392125321e-07,
  "entropy": 4.339092593530522
}