{
  "id": "normal_0119",
  "perplexity": 86.93598194531793,
  "mean_token_prob": 0.011502717029514803,
  "min_token_prob": 6.953864055135957e-06,
  "entropy": 4.465172008082673
}