{
  "id": "normal_0348",
  "perplexity": 88.64449360415507,
  "mean_token_prob": 0.011281016556601171,
  "min_token_prob": 1.6023787911380585e-05,
  "entropy": 4.48463391670675
}