{
  "id": "normal_0445",
  "perplexity": 50.40097110985122,
  "mean_token_prob": 0.019840887546004906,
  "min_token_prob": 1.2029565823068237e-05,
  "entropy": 3.9200104429443
}