{
  "id": "normal_0194",
  "perplexity": 51.9309169664996,
  "mean_token_prob": 0.019256351676691853,
  "min_token_prob": 6.666394852768442e-08,
  "entropy": 3.949914315441514
}