{
  "id": "normal_0117",
  "perplexity": 54.88122244155562,
  "mean_token_prob": 0.018221168470963358,
  "min_token_prob": 1.318569911485102e-05,
  "entropy": 4.005171257979237
}