{
  "id": "normal_0374",
  "perplexity": 57.3221745891143,
  "mean_token_prob": 0.017445255822341115,
  "min_token_prob": 2.8232058804378225e-06,
  "entropy": 4.048687539942977
}