{
  "id": "normal_0233",
  "perplexity": 59.8724872450925,
  "mean_token_prob": 0.016702162312155586,
  "min_token_prob": 1.4710797083982762e-06,
  "entropy": 4.092217088171414
}