{
  "id": "normal_0440",
  "perplexity": 34.91589856464217,
  "mean_token_prob": 0.028640248170862113,
  "min_token_prob": 2.465362337950997e-06,
  "entropy": 3.5529422717435017
}