{
  "id": "normal_0009",
  "perplexity": 66.45746415765367,
  "mean_token_prob": 0.015047218738707072,
  "min_token_prob": 5.172147480347105e-05,
  "entropy": 4.19656210627995
}