{
  "id": "normal_0376",
  "perplexity": 42.317774448022035,
  "mean_token_prob": 0.023630732311508428,
  "min_token_prob": 5.211288906146565e-06,
  "entropy": 3.7452071975098877
}