{
  "id": "normal_0065",
  "perplexity": 82.78432660494941,
  "mean_token_prob": 0.012079581256631411,
  "min_token_prob": 2.3277926903015578e-05,
  "entropy": 4.416238751262426
}