{
  "id": "normal_0158",
  "perplexity": 33.7208118391182,
  "mean_token_prob": 0.02965527653281286,
  "min_token_prob": 1.356777140859272e-07,
  "entropy": 3.51811520873702
}