{
  "id": "normal_0237",
  "perplexity": 98.66053276460786,
  "mean_token_prob": 0.010135765254642192,
  "min_token_prob": 4.857758966824345e-05,
  "entropy": 4.5916849957971735
}