{
  "id": "normal_0388",
  "perplexity": 33.83265856755685,
  "mean_token_prob": 0.029557239730457662,
  "min_token_prob": 2.498980559266514e-06,
  "entropy": 3.521426565798798
}