{
  "id": "normal_0278",
  "perplexity": 107.27665841750763,
  "mean_token_prob": 0.00932169229309998,
  "min_token_prob": 2.313638096740439e-06,
  "entropy": 4.675411090254784
}