{
  "id": "normal_0026",
  "perplexity": 33.54882791409197,
  "mean_token_prob": 0.029807300647303872,
  "min_token_prob": 7.315300459122939e-06,
  "entropy": 3.5130019273109188
}