{
  "id": "normal_0247",
  "perplexity": 52.81902950970621,
  "mean_token_prob": 0.018932570501247786,
  "min_token_prob": 1.665439808088387e-05,
  "entropy": 3.966871533161876
}