{
  "id": "normal_0492",
  "perplexity": 101.05077110561291,
  "mean_token_prob": 0.009896015528222472,
  "min_token_prob": 2.9696383995685975e-07,
  "entropy": 4.6156230747518645
}