{
  "id": "normal_0431",
  "perplexity": 33.085088674223314,
  "mean_token_prob": 0.030225096563791375,
  "min_token_prob": 0.00010512862010928377,
  "entropy": 3.499082687654577
}