{
  "id": "normal_0240",
  "perplexity": 70.68911914255567,
  "mean_token_prob": 0.014146448733974793,
  "min_token_prob": 1.162254180001995e-05,
  "entropy": 4.258291659255822
}