{
  "id": "normal_0033",
  "perplexity": 26.305142219389666,
  "mean_token_prob": 0.038015380858229864,
  "min_token_prob": 2.755499572061124e-05,
  "entropy": 3.2697644417216494
}