{
  "id": "normal_0476",
  "perplexity": 27.308081817256696,
  "mean_token_prob": 0.03661919598351553,
  "min_token_prob": 9.94118253238024e-06,
  "entropy": 3.30718269564268
}