{
  "id": "normal_0144",
  "perplexity": 82.02606825355907,
  "mean_token_prob": 0.012191246286592683,
  "min_token_prob": 6.925815538839904e-06,
  "entropy": 4.407037102274205
}