{
  "id": "normal_0105",
  "perplexity": 50.628469372704295,
  "mean_token_prob": 0.019751732817329403,
  "min_token_prob": 1.498420523394697e-07,
  "entropy": 3.924514053897424
}