{
  "id": "normal_0018",
  "perplexity": 98.93941933616478,
  "mean_token_prob": 0.010107194955352599,
  "min_token_prob": 6.914292852993175e-06,
  "entropy": 4.594507736934198
}