{
  "id": "normal_0227",
  "perplexity": 90.10347464983893,
  "mean_token_prob": 0.011098351133363176,
  "min_token_prob": 7.142475985369783e-06,
  "entropy": 4.500958728241837
}