{
  "id": "normal_0124",
  "perplexity": 60.05930844113468,
  "mean_token_prob": 0.016650208368285156,
  "min_token_prob": 1.5034046862350552e-05,
  "entropy": 4.09533254802227
}