{
  "id": "normal_0296",
  "perplexity": 60.008430630558784,
  "mean_token_prob": 0.01666432515385194,
  "min_token_prob": 7.059815684794518e-06,
  "entropy": 4.094485062860737
}