{
  "id": "normal_0072",
  "perplexity": 50.235296379998914,
  "mean_token_prob": 0.01990632228852835,
  "min_token_prob": 8.724666333128549e-05,
  "entropy": 3.91671789476746
}