{
  "id": "normal_0154",
  "perplexity": 59.25903275611305,
  "mean_token_prob": 0.01687506450055653,
  "min_token_prob": 8.02575475310371e-06,
  "entropy": 4.0819182199756465
}