{
  "id": "normal_0104",
  "perplexity": 114.29749457176155,
  "mean_token_prob": 0.008749098164808426,
  "min_token_prob": 4.517598736483017e-07,
  "entropy": 4.738804650803407
}