{
  "id": "normal_0302",
  "perplexity": 40.43796877539394,
  "mean_token_prob": 0.024729234189638353,
  "min_token_prob": 2.755499572061124e-05,
  "entropy": 3.6997691647848114
}