{
  "id": "normal_0379",
  "perplexity": 65.02923032221132,
  "mean_token_prob": 0.015377700074952927,
  "min_token_prob": 4.857758966824345e-05,
  "entropy": 4.174836866076915
}