{
  "id": "normal_0405",
  "perplexity": 119.2142845863204,
  "mean_token_prob": 0.008388256520349474,
  "min_token_prob": 2.593450909620643e-06,
  "entropy": 4.780922584584914
}