{
  "id": "normal_0086",
  "perplexity": 59.74920441626564,
  "mean_token_prob": 0.016736624525292728,
  "min_token_prob": 2.3174915701193897e-06,
  "entropy": 4.090155875514029
}