{
  "id": "normal_0071",
  "perplexity": 56.17832237590462,
  "mean_token_prob": 0.017800460350323826,
  "min_token_prob": 6.567616406073472e-05,
  "entropy": 4.02853095964078
}