{
  "id": "normal_0096",
  "perplexity": 80.99479849378176,
  "mean_token_prob": 0.012346471854939837,
  "min_token_prob": 5.850783719645315e-06,
  "entropy": 4.394384936484344
}