{
  "id": "normal_0407",
  "perplexity": 27.153955718253012,
  "mean_token_prob": 0.03682704687213567,
  "min_token_prob": 2.2790939203220897e-06,
  "entropy": 3.3015227344134472
}