{
  "id": "normal_0064",
  "perplexity": 53.98887939968479,
  "mean_token_prob": 0.018522332952993992,
  "min_token_prob": 3.281519628965972e-06,
  "entropy": 3.9887780883134556
}