{
  "id": "normal_0326",
  "perplexity": 96.34616093983963,
  "mean_token_prob": 0.0103792407527729,
  "min_token_prob": 4.079267690254667e-05,
  "entropy": 4.5679475491245585
}