{
  "id": "normal_0209",
  "perplexity": 101.56716130654667,
  "mean_token_prob": 0.009845701968393435,
  "min_token_prob": 4.931777956542483e-07,
  "entropy": 4.620720267412253
}