{
  "id": "normal_0181",
  "perplexity": 53.65342936988228,
  "mean_token_prob": 0.0186381376129023,
  "min_token_prob": 6.532376294828921e-06,
  "entropy": 3.982545388187282
}