{
  "id": "normal_0045",
  "perplexity": 82.88345694263091,
  "mean_token_prob": 0.01206513382630946,
  "min_token_prob": 2.910606851011869e-05,
  "entropy": 4.4174354878564674
}