{
  "id": "normal_0036",
  "perplexity": 73.26652399130485,
  "mean_token_prob": 0.0136487981894525,
  "min_token_prob": 4.417961899067131e-06,
  "entropy": 4.294103805956087
}