{
  "id": "normal_0427",
  "perplexity": 51.62168458383636,
  "mean_token_prob": 0.019371704121277693,
  "min_token_prob": 1.6239185857612366e-06,
  "entropy": 3.9439418280825898
}