{
  "id": "normal_0046",
  "perplexity": 47.27932956310597,
  "mean_token_prob": 0.02115089213913773,
  "min_token_prob": 1.5188722417847698e-05,
  "entropy": 3.856073192859951
}