{
  "id": "normal_0387",
  "perplexity": 138.50456514782238,
  "mean_token_prob": 0.00721997862621153,
  "min_token_prob": 1.2556654980052695e-06,
  "entropy": 4.930903286440298
}