{
  "id": "normal_0161",
  "perplexity": 40.691581530200914,
  "mean_token_prob": 0.024575107734699606,
  "min_token_prob": 2.7463148137455673e-05,
  "entropy": 3.706021229043985
}