{
  "id": "normal_0259",
  "perplexity": 44.62698885062795,
  "mean_token_prob": 0.02240796490543253,
  "min_token_prob": 5.540065795075407e-06,
  "entropy": 3.7983388071879745
}