{
  "id": "normal_0248",
  "perplexity": 68.4851135492693,
  "mean_token_prob": 0.014601713396891484,
  "min_token_prob": 5.238392599498949e-07,
  "entropy": 4.226616401202046
}