{
  "id": "normal_0432",
  "perplexity": 37.99389955232028,
  "mean_token_prob": 0.02632001483877509,
  "min_token_prob": 3.355974914396984e-05,
  "entropy": 3.6374256087419314
}