{
  "id": "normal_0438",
  "perplexity": 102.29931626163402,
  "mean_token_prob": 0.009775236399845191,
  "min_token_prob": 2.6369838199876825e-06,
  "entropy": 4.6279029892757535
}