{
  "id": "normal_0422",
  "perplexity": 47.49088483748843,
  "mean_token_prob": 0.02105667231558125,
  "min_token_prob": 1.765582754829464e-05,
  "entropy": 3.8605377944676498
}