{
  "id": "normal_0320",
  "perplexity": 82.63161599880902,
  "mean_token_prob": 0.012101905401613022,
  "min_token_prob": 2.2240641970639117e-06,
  "entropy": 4.414392367569043
}