{
  "id": "normal_0040",
  "perplexity": 63.31817554711063,
  "mean_token_prob": 0.015793253538329922,
  "min_token_prob": 5.332350857246995e-05,
  "entropy": 4.1481724213808775
}