{
  "id": "normal_0028",
  "perplexity": 74.87594059976132,
  "mean_token_prob": 0.013355424880007285,
  "min_token_prob": 7.883037398286125e-06,
  "entropy": 4.315832618623972
}