{
  "id": "normal_0328",
  "perplexity": 36.71656402253467,
  "mean_token_prob": 0.027235663974065037,
  "min_token_prob": 2.6848373849065143e-06,
  "entropy": 3.603227989003062
}