{
  "id": "normal_0483",
  "perplexity": 39.26815329137561,
  "mean_token_prob": 0.025465928906303524,
  "min_token_prob": 6.660488323213941e-07,
  "entropy": 3.6704138415451677
}