{
  "id": "normal_0074",
  "perplexity": 68.53066792175713,
  "mean_token_prob": 0.014592007203865585,
  "min_token_prob": 2.1738754781131687e-05,
  "entropy": 4.2272813519643195
}