{
  "id": "normal_0170",
  "perplexity": 64.44013700344834,
  "mean_token_prob": 0.015518278614871468,
  "min_token_prob": 1.5083923846302597e-05,
  "entropy": 4.165736684368716
}