{
  "id": "normal_0460",
  "perplexity": 90.85559685958057,
  "mean_token_prob": 0.011006476591040652,
  "min_token_prob": 3.69081567931371e-05,
  "entropy": 4.5092713984436
}