{
  "id": "normal_0475",
  "perplexity": 55.25380024713879,
  "mean_token_prob": 0.018098302660218977,
  "min_token_prob": 5.762067552318699e-05,
  "entropy": 4.01193712078608
}