{
  "id": "normal_0256",
  "perplexity": 53.9700276552626,
  "mean_token_prob": 0.018528802808617614,
  "min_token_prob": 1.1939701908482635e-06,
  "entropy": 3.98842884904959
}