{
  "id": "normal_0499",
  "perplexity": 131.97554767336226,
  "mean_token_prob": 0.007577161206218191,
  "min_token_prob": 1.8885434901179993e-06,
  "entropy": 4.882616660527645
}