{
  "id": "normal_0011",
  "perplexity": 57.83424542088065,
  "mean_token_prob": 0.017290793589898847,
  "min_token_prob": 1.5083923846302597e-05,
  "entropy": 4.05758108156068
}