{
  "id": "normal_0000",
  "perplexity": 34.818201105300446,
  "mean_token_prob": 0.028720610722412308,
  "min_token_prob": 1.3807165299134867e-05,
  "entropy": 3.550140270320255
}