{
  "id": "normal_0025",
  "perplexity": 128.1662570877343,
  "mean_token_prob": 0.00780236563603059,
  "min_token_prob": 4.766043805701742e-06,
  "entropy": 4.853328304598108
}