{
  "id": "normal_0212",
  "perplexity": 63.81790094278568,
  "mean_token_prob": 0.015669584634200436,
  "min_token_prob": 7.059815684794518e-06,
  "entropy": 4.156033730036334
}