{
  "id": "normal_0196",
  "perplexity": 42.22126657776062,
  "mean_token_prob": 0.02368474659940055,
  "min_token_prob": 4.988011595018905e-06,
  "entropy": 3.7429240414434495
}