{
  "id": "normal_0111",
  "perplexity": 65.13309846161921,
  "mean_token_prob": 0.015353177165205293,
  "min_token_prob": 8.398326774313985e-06,
  "entropy": 4.176432844920036
}