{
  "id": "normal_0463",
  "perplexity": 53.76756796571664,
  "mean_token_prob": 0.01859857229617716,
  "min_token_prob": 5.332350857246995e-05,
  "entropy": 3.9846704594790934
}