{
  "id": "normal_0054",
  "perplexity": 79.69631625196305,
  "mean_token_prob": 0.012547631396643987,
  "min_token_prob": 1.3328429577625258e-06,
  "entropy": 4.378223364551862
}