{
  "id": "normal_0299",
  "perplexity": 41.3925419101096,
  "mean_token_prob": 0.02415894153520837,
  "min_token_prob": 1.665439808088387e-05,
  "entropy": 3.723100717504029
}