{
  "id": "normal_0232",
  "perplexity": 102.55476553390567,
  "mean_token_prob": 0.009750887682244172,
  "min_token_prob": 1.746952044132029e-06,
  "entropy": 4.630396953783929
}