{
  "id": "normal_0039",
  "perplexity": 45.06048914218915,
  "mean_token_prob": 0.022192391139929324,
  "min_token_prob": 1.5188722417847698e-05,
  "entropy": 3.8080057902978015
}