{
  "id": "normal_0218",
  "perplexity": 55.74476734448271,
  "mean_token_prob": 0.017938903463716297,
  "min_token_prob": 6.540773173029265e-06,
  "entropy": 4.020783546643379
}