{
  "id": "normal_0402",
  "perplexity": 33.12937538822157,
  "mean_token_prob": 0.03018469223405668,
  "min_token_prob": 2.0343023671572113e-05,
  "entropy": 3.5004203627752357
}