{
  "id": "normal_0410",
  "perplexity": 48.4416861266726,
  "mean_token_prob": 0.020643377222358646,
  "min_token_prob": 4.668285289202376e-05,
  "entropy": 3.8803607266396285
}