{
  "id": "normal_0448",
  "perplexity": 72.52141675356646,
  "mean_token_prob": 0.013789030120551556,
  "min_token_prob": 4.285266900704316e-06,
  "entropy": 4.283881921735075
}