{
  "id": "normal_0473",
  "perplexity": 46.17142358331179,
  "mean_token_prob": 0.02165841818144503,
  "min_token_prob": 3.9464724324321733e-05,
  "entropy": 3.8323610695569137
}