{
  "id": "normal_0399",
  "perplexity": 34.683608752442616,
  "mean_token_prob": 0.028832063212844726,
  "min_token_prob": 3.0037613199783004e-05,
  "entropy": 3.5462672051042317
}