{
  "id": "normal_0420",
  "perplexity": 92.53218837893007,
  "mean_token_prob": 0.010807050146754161,
  "min_token_prob": 1.0207023444433817e-05,
  "entropy": 4.52755656646144
}