{
  "id": "normal_0383",
  "perplexity": 103.26212522743754,
  "mean_token_prob": 0.009684092766805581,
  "min_token_prob": 4.492658051654741e-07,
  "entropy": 4.637270660562948
}