{
  "id": "normal_0217",
  "perplexity": 67.51872259144787,
  "mean_token_prob": 0.014810706743534616,
  "min_token_prob": 3.1589668558498925e-05,
  "entropy": 4.212404931143213
}