{
  "id": "normal_0169",
  "perplexity": 37.394660160743754,
  "mean_token_prob": 0.026741786011730686,
  "min_token_prob": 8.543525722634003e-08,
  "entropy": 3.6215279177762567
}