{
  "id": "normal_0294",
  "perplexity": 59.07877358393233,
  "mean_token_prob": 0.016926553131291985,
  "min_token_prob": 9.367938408039716e-06,
  "entropy": 4.078871698881914
}