{
  "id": "normal_0225",
  "perplexity": 50.560495118764244,
  "mean_token_prob": 0.019778287329881693,
  "min_token_prob": 9.022970436975415e-06,
  "entropy": 3.9231705424877314
}