{
  "id": "normal_0180",
  "perplexity": 24.89066254464872,
  "mean_token_prob": 0.04017570838888704,
  "min_token_prob": 2.755499572061124e-05,
  "entropy": 3.214492734934373
}