{
  "id": "normal_0375",
  "perplexity": 49.125720306071834,
  "mean_token_prob": 0.02035593562332769,
  "min_token_prob": 8.543929864923495e-05,
  "entropy": 3.894382732800948
}