{
  "id": "normal_0352",
  "perplexity": 56.127775169551164,
  "mean_token_prob": 0.017816490979362592,
  "min_token_prob": 2.643040257184137e-05,
  "entropy": 4.027630791068077
}