{
  "id": "normal_0207",
  "perplexity": 98.82534581400407,
  "mean_token_prob": 0.01011886163173228,
  "min_token_prob": 1.5083923846302597e-05,
  "entropy": 4.593354108432929
}