{
  "id": "normal_0003",
  "perplexity": 100.09822065033887,
  "mean_token_prob": 0.009990187572795926,
  "min_token_prob": 1.1392465093869343e-06,
  "entropy": 4.6061519104422946
}