{
  "id": "normal_0393",
  "perplexity": 45.75309718993412,
  "mean_token_prob": 0.021856443856657738,
  "min_token_prob": 5.332350857246995e-05,
  "entropy": 3.823259487570751
}