{
  "id": "normal_0284",
  "perplexity": 130.56607916631853,
  "mean_token_prob": 0.007658957107275722,
  "min_token_prob": 2.910094673263728e-06,
  "entropy": 4.8718794523738325
}