{
  "id": "normal_0390",
  "perplexity": 97.77967231512311,
  "mean_token_prob": 0.010227074567985998,
  "min_token_prob": 6.619363370959963e-06,
  "entropy": 4.582716705898444
}