{
  "id": "normal_0347",
  "perplexity": 120.26730693671587,
  "mean_token_prob": 0.00831481160982673,
  "min_token_prob": 2.9686756525860026e-07,
  "entropy": 4.7897168232593685
}