{
  "id": "normal_0085",
  "perplexity": 28.895315227998317,
  "mean_token_prob": 0.03460768612868577,
  "min_token_prob": 2.755499572061124e-05,
  "entropy": 3.363679479140873
}