{
  "id": "normal_0075",
  "perplexity": 88.17052832265297,
  "mean_token_prob": 0.011341658250482296,
  "min_token_prob": 1.0497097836442235e-05,
  "entropy": 4.479272761171864
}