{
  "id": "normal_0263",
  "perplexity": 36.64673842686475,
  "mean_token_prob": 0.027287557990888667,
  "min_token_prob": 1.1142651318110204e-06,
  "entropy": 3.6013244319268884
}