{
  "id": "normal_0288",
  "perplexity": 54.39099486766477,
  "mean_token_prob": 0.01838539637734216,
  "min_token_prob": 1.21385268176281e-05,
  "entropy": 3.9961986046385123
}