{
  "id": "normal_0418",
  "perplexity": 83.83679807856342,
  "mean_token_prob": 0.011927936454143926,
  "min_token_prob": 4.079267690254667e-05,
  "entropy": 4.428872028986613
}