{
  "id": "normal_0056",
  "perplexity": 99.6769356649696,
  "mean_token_prob": 0.010032411142344532,
  "min_token_prob": 2.7187246358137734e-06,
  "entropy": 4.601934312842786
}