{
  "id": "normal_0087",
  "perplexity": 45.60228567326428,
  "mean_token_prob": 0.021928725396900016,
  "min_token_prob": 9.422756152864675e-06,
  "entropy": 3.819957839677844
}