{
  "id": "normal_0108",
  "perplexity": 61.76205795706156,
  "mean_token_prob": 0.016191170324914104,
  "min_token_prob": 8.290321746468724e-05,
  "entropy": 4.123289227004974
}