{
  "id": "normal_0095",
  "perplexity": 97.21658994512569,
  "mean_token_prob": 0.01028631019216426,
  "min_token_prob": 3.895106384035739e-06,
  "entropy": 4.5769413753502795
}