{
  "id": "normal_0479",
  "perplexity": 41.02283947379729,
  "mean_token_prob": 0.02437666462943733,
  "min_token_prob": 3.38782936670679e-05,
  "entropy": 3.7141289719403154
}