{
  "id": "normal_0166",
  "perplexity": 52.23157184299639,
  "mean_token_prob": 0.019145508448528296,
  "min_token_prob": 4.421580636870256e-05,
  "entropy": 3.9556871366344
}