{
  "id": "normal_0298",
  "perplexity": 70.85001795583685,
  "mean_token_prob": 0.014114322463874786,
  "min_token_prob": 1.6535575384126107e-05,
  "entropy": 4.260565219571193
}