{
  "id": "normal_0202",
  "perplexity": 96.47391332267756,
  "mean_token_prob": 0.010365496387145475,
  "min_token_prob": 2.092194148843225e-06,
  "entropy": 4.569272643537261
}