{
  "id": "normal_0208",
  "perplexity": 137.56850094180282,
  "mean_token_prob": 0.007269105886550595,
  "min_token_prob": 2.349980707700497e-06,
  "entropy": 4.924121981719509
}