{
  "id": "normal_0192",
  "perplexity": 37.308079805547834,
  "mean_token_prob": 0.026803845312116457,
  "min_token_prob": 5.572912229810788e-05,
  "entropy": 3.619209919962464
}