{
  "id": "normal_0456",
  "perplexity": 100.98143878893706,
  "mean_token_prob": 0.009902809981645402,
  "min_token_prob": 1.6877218113268175e-07,
  "entropy": 4.614936725585721
}