{
  "id": "normal_0130",
  "perplexity": 39.569424819982125,
  "mean_token_prob": 0.025272037805690088,
  "min_token_prob": 3.8298027477321245e-06,
  "entropy": 3.6780567195318223
}