{
  "id": "normal_0222",
  "perplexity": 92.4213988051629,
  "mean_token_prob": 0.010820005030524786,
  "min_token_prob": 9.367938408039716e-06,
  "entropy": 4.526358540635556
}