{
  "id": "normal_0110",
  "perplexity": 38.35860193023763,
  "mean_token_prob": 0.026069771828980865,
  "min_token_prob": 1.5188722417847698e-05,
  "entropy": 3.6469788033197204
}