{
  "id": "normal_0437",
  "perplexity": 57.333172252653156,
  "mean_token_prob": 0.017441909468976294,
  "min_token_prob": 2.090902676000848e-05,
  "entropy": 4.048879378594649
}