{
  "id": "normal_0129",
  "perplexity": 34.942815606958405,
  "mean_token_prob": 0.028618186102921342,
  "min_token_prob": 4.961327664584271e-07,
  "entropy": 3.553712885516385
}