{
  "id": "normal_0389",
  "perplexity": 109.33332353323503,
  "mean_token_prob": 0.009146342283247441,
  "min_token_prob": 1.346001663519592e-07,
  "entropy": 4.6944012300809845
}