{
  "id": "normal_0358",
  "perplexity": 92.53177477085794,
  "mean_token_prob": 0.010807098453221727,
  "min_token_prob": 3.5041802146954266e-06,
  "entropy": 4.527552096568273
}