{
  "id": "normal_0450",
  "perplexity": 43.44661529069737,
  "mean_token_prob": 0.02301675270464892,
  "min_token_prob": 1.2135563671831116e-05,
  "entropy": 3.7715329497288437
}