{
  "id": "normal_0203",
  "perplexity": 47.80486488273023,
  "mean_token_prob": 0.02091837310811552,
  "min_token_prob": 3.7732165818620635e-07,
  "entropy": 3.8671274101079414
}