{
  "id": "normal_0470",
  "perplexity": 49.57067523172418,
  "mean_token_prob": 0.020173217236307106,
  "min_token_prob": 2.2719497892498932e-08,
  "entropy": 3.903399433721514
}