{
  "id": "normal_0290",
  "perplexity": 55.38112295238836,
  "mean_token_prob": 0.018056694171039268,
  "min_token_prob": 1.2029565823068237e-05,
  "entropy": 4.014238794756238
}