{
  "id": "normal_0423",
  "perplexity": 64.19782113407173,
  "mean_token_prob": 0.015576852646004676,
  "min_token_prob": 4.857758966824345e-05,
  "entropy": 4.16196927139836
}