{
  "id": "normal_0461",
  "perplexity": 100.28209024134416,
  "mean_token_prob": 0.00997187032692824,
  "min_token_prob": 1.7403985694245622e-06,
  "entropy": 4.60798711712296
}