{
  "id": "normal_0362",
  "perplexity": 90.49516731545984,
  "mean_token_prob": 0.011050313841777536,
  "min_token_prob": 2.6414766033340105e-06,
  "entropy": 4.505296449450886
}