{
  "id": "normal_0426",
  "perplexity": 46.02803433043037,
  "mean_token_prob": 0.02172588976581329,
  "min_token_prob": 5.762067552318699e-05,
  "entropy": 3.8292506528206363
}