{
  "id": "normal_0162",
  "perplexity": 108.72449791412821,
  "mean_token_prob": 0.00919755914430445,
  "min_token_prob": 2.9943014537968043e-06,
  "entropy": 4.6888171405298635
}