{
  "id": "normal_0292",
  "perplexity": 138.12674554629814,
  "mean_token_prob": 0.007239727512908164,
  "min_token_prob": 1.5928045274985016e-07,
  "entropy": 4.928171709631428
}