{
  "id": "normal_0171",
  "perplexity": 147.46592641255185,
  "mean_token_prob": 0.006781227530503501,
  "min_token_prob": 2.1211262785946562e-06,
  "entropy": 4.993597141721032
}