{
  "id": "normal_0481",
  "perplexity": 32.37713691728371,
  "mean_token_prob": 0.030885992252952285,
  "min_token_prob": 3.1551158549727984e-07,
  "entropy": 3.477452523008521
}