{
  "id": "normal_0464",
  "perplexity": 99.69542969053481,
  "mean_token_prob": 0.010030550077411833,
  "min_token_prob": 1.4286981540923383e-06,
  "entropy": 4.602119835300578
}