{
  "id": "normal_0127",
  "perplexity": 77.72034228697383,
  "mean_token_prob": 0.01286664431182778,
  "min_token_prob": 1.5083923846302597e-05,
  "entropy": 4.353117028603682
}