{
  "id": "normal_0332",
  "perplexity": 74.82393922197762,
  "mean_token_prob": 0.013364706675404165,
  "min_token_prob": 5.455829365982016e-06,
  "entropy": 4.3151378768521385
}