{
  "id": "normal_0090",
  "perplexity": 43.11448697829695,
  "mean_token_prob": 0.023194060050010148,
  "min_token_prob": 1.6535575384126107e-05,
  "entropy": 3.7638590654188935
}