{
  "id": "normal_0164",
  "perplexity": 45.768922935342225,
  "mean_token_prob": 0.02184888644665509,
  "min_token_prob": 8.290321746468724e-05,
  "entropy": 3.823605322279036
}