{
  "id": "normal_0015",
  "perplexity": 78.44481745256546,
  "mean_token_prob": 0.01274781473747054,
  "min_token_prob": 1.6535575384126107e-05,
  "entropy": 4.36239541520675
}