{
  "id": "normal_0366",
  "perplexity": 59.60576177330938,
  "mean_token_prob": 0.016776901598928744,
  "min_token_prob": 7.538168297379421e-08,
  "entropy": 4.0877522434474844
}