{
  "id": "normal_0264",
  "perplexity": 85.62221433334759,
  "mean_token_prob": 0.011679212080486062,
  "min_token_prob": 3.43933933861261e-05,
  "entropy": 4.449944762720002
}