{
  "id": "normal_0236",
  "perplexity": 43.431404797695556,
  "mean_token_prob": 0.02302481360338267,
  "min_token_prob": 2.973889541303189e-07,
  "entropy": 3.7711827922749386
}