{
  "id": "normal_0330",
  "perplexity": 58.66629089100284,
  "mean_token_prob": 0.017045563726841333,
  "min_token_prob": 8.290321746468724e-05,
  "entropy": 4.071865301082531
}