{
  "id": "normal_0397",
  "perplexity": 41.754178807843815,
  "mean_token_prob": 0.023949698654165436,
  "min_token_prob": 7.026215017212771e-07,
  "entropy": 3.731799537493914
}