{
  "id": "normal_0314",
  "perplexity": 77.25599916550829,
  "mean_token_prob": 0.012943978601036073,
  "min_token_prob": 2.916774106328444e-06,
  "entropy": 4.347124571862974
}