{
  "id": "normal_0080",
  "perplexity": 49.044290349544696,
  "mean_token_prob": 0.020389733297655588,
  "min_token_prob": 5.762067552318699e-05,
  "entropy": 3.892723774537444
}