{
  "id": "normal_0457",
  "perplexity": 101.16621613223563,
  "mean_token_prob": 0.009884722768447596,
  "min_token_prob": 1.9446365780327394e-06,
  "entropy": 4.616764868433411
}