{
  "id": "normal_0188",
  "perplexity": 95.2106987440519,
  "mean_token_prob": 0.010503021332594443,
  "min_token_prob": 4.079267690254667e-05,
  "entropy": 4.556092317248213
}