{
  "id": "normal_0400",
  "perplexity": 81.66528815454929,
  "mean_token_prob": 0.012245104653369102,
  "min_token_prob": 9.370372929495475e-07,
  "entropy": 4.40262904199394
}