{
  "id": "normal_0303",
  "perplexity": 83.77754886563379,
  "mean_token_prob": 0.011936372137168217,
  "min_token_prob": 2.3277926903015578e-05,
  "entropy": 4.428165058294932
}