{
  "id": "normal_0258",
  "perplexity": 67.03003294212976,
  "mean_token_prob": 0.014918685790641754,
  "min_token_prob": 2.450557091007228e-06,
  "entropy": 4.20514077182327
}