{
  "id": "normal_0023",
  "perplexity": 85.39378309337243,
  "mean_token_prob": 0.011710454365355455,
  "min_token_prob": 9.12422112604628e-06,
  "entropy": 4.447273300643164
}