{
  "id": "normal_0112",
  "perplexity": 78.6108922417135,
  "mean_token_prob": 0.012720883474076223,
  "min_token_prob": 4.417961899067131e-06,
  "entropy": 4.364510267972946
}