{
  "id": "normal_0289",
  "perplexity": 73.32688215200636,
  "mean_token_prob": 0.013637563341736032,
  "min_token_prob": 4.079267690254667e-05,
  "entropy": 4.294927283160148
}