{
  "id": "normal_0077",
  "perplexity": 69.33474213501421,
  "mean_token_prob": 0.014422783862853623,
  "min_token_prob": 1.5034046862350552e-05,
  "entropy": 4.238946110081788
}