{
  "id": "normal_0088",
  "perplexity": 35.965094081767255,
  "mean_token_prob": 0.027804737497043187,
  "min_token_prob": 1.356777140859272e-07,
  "entropy": 3.582548859241583
}