{
  "id": "normal_0020",
  "perplexity": 65.53486378166416,
  "mean_token_prob": 0.015259053613533071,
  "min_token_prob": 8.202316836309645e-06,
  "entropy": 4.182582272510779
}