{
  "id": "normal_0172",
  "perplexity": 65.17890498198803,
  "mean_token_prob": 0.015342387238268989,
  "min_token_prob": 2.1738754781131687e-05,
  "entropy": 4.1771358733601645
}