{
  "id": "normal_0008",
  "perplexity": 38.24990915804035,
  "mean_token_prob": 0.02614385294010023,
  "min_token_prob": 2.2896576930451333e-06,
  "entropy": 3.6441411853165313
}