{
  "id": "normal_0244",
  "perplexity": 75.44821012611722,
  "mean_token_prob": 0.013254124893465686,
  "min_token_prob": 3.5216076943171504e-06,
  "entropy": 4.323446462283263
}