{
  "id": "normal_0371",
  "perplexity": 44.47544114789542,
  "mean_token_prob": 0.022484318855313257,
  "min_token_prob": 1.6611411071537975e-05,
  "entropy": 3.7949371525110345
}