{
  "id": "normal_0050",
  "perplexity": 107.15321760712207,
  "mean_token_prob": 0.009332430909041912,
  "min_token_prob": 3.475332486164411e-06,
  "entropy": 4.6742597504665975
}