{
  "id": "normal_0029",
  "perplexity": 38.956722958432046,
  "mean_token_prob": 0.025669510268279724,
  "min_token_prob": 2.755499572061124e-05,
  "entropy": 3.6624513622600494
}