{
  "id": "normal_0137",
  "perplexity": 85.46549256129667,
  "mean_token_prob": 0.011700628757071637,
  "min_token_prob": 3.475332486164411e-06,
  "entropy": 4.448112698701712
}