{
  "id": "normal_0061",
  "perplexity": 49.816168034858386,
  "mean_token_prob": 0.020073804137248366,
  "min_token_prob": 2.26483482184259e-06,
  "entropy": 3.908339590674675
}