{
  "id": "normal_0361",
  "perplexity": 74.56360098796142,
  "mean_token_prob": 0.013411369445011832,
  "min_token_prob": 4.079267690254667e-05,
  "entropy": 4.311652465723455
}