{
  "id": "normal_0097",
  "perplexity": 58.54247859681694,
  "mean_token_prob": 0.017081613624305474,
  "min_token_prob": 8.290321746468724e-05,
  "entropy": 4.069752620593194
}