{
  "id": "normal_0340",
  "perplexity": 73.93495952359267,
  "mean_token_prob": 0.0135254013317056,
  "min_token_prob": 5.635638923667248e-06,
  "entropy": 4.303185781365947
}