{
  "id": "normal_0446",
  "perplexity": 66.44300243914493,
  "mean_token_prob": 0.015050493856232623,
  "min_token_prob": 6.371777564441184e-05,
  "entropy": 4.196344473958016
}