{
  "id": "normal_0311",
  "perplexity": 47.28919479858672,
  "mean_token_prob": 0.021146479745725883,
  "min_token_prob": 2.3010044158872852e-05,
  "entropy": 3.856281829625368
}