{
  "id": "normal_0140",
  "perplexity": 39.84944779987789,
  "mean_token_prob": 0.02509445061878785,
  "min_token_prob": 1.5188722417847698e-05,
  "entropy": 3.6851085481735377
}