{
  "id": "normal_0199",
  "perplexity": 66.3103860454699,
  "mean_token_prob": 0.015080593850174344,
  "min_token_prob": 4.629617845717188e-06,
  "entropy": 4.194346537192662
}