{
  "id": "normal_0206",
  "perplexity": 63.79030808500633,
  "mean_token_prob": 0.015676362601469332,
  "min_token_prob": 9.049875202297273e-06,
  "entropy": 4.155601267917798
}