{
  "id": "normal_0081",
  "perplexity": 102.95624259014677,
  "mean_token_prob": 0.009712864172606306,
  "min_token_prob": 2.264395394234582e-05,
  "entropy": 4.63430406874226
}