{
  "id": "normal_0150",
  "perplexity": 43.91494249971118,
  "mean_token_prob": 0.022771292482201857,
  "min_token_prob": 5.762067552318699e-05,
  "entropy": 3.7822546380140434
}