{
  "id": "normal_0060",
  "perplexity": 122.16029638644113,
  "mean_token_prob": 0.008185965731751389,
  "min_token_prob": 1.9262370329537346e-07,
  "entropy": 4.805334087122571
}