{
  "id": "normal_0251",
  "perplexity": 37.41672268406264,
  "mean_token_prob": 0.026726017894291475,
  "min_token_prob": 2.755499572061124e-05,
  "entropy": 3.622117735077302
}