{
  "id": "normal_0109",
  "perplexity": 62.904348767348004,
  "mean_token_prob": 0.01589715209831524,
  "min_token_prob": 1.3398216976873974e-06,
  "entropy": 4.141615299112163
}