{
  "id": "normal_0459",
  "perplexity": 42.011787949239036,
  "mean_token_prob": 0.023802843173641057,
  "min_token_prob": 8.824239648422472e-06,
  "entropy": 3.737950244362259
}