{
  "id": "normal_0143",
  "perplexity": 52.68317558067999,
  "mean_token_prob": 0.018981391857607017,
  "min_token_prob": 2.571250923746445e-05,
  "entropy": 3.9642961556330705
}