{
  "id": "normal_0384",
  "perplexity": 62.04931696993319,
  "mean_token_prob": 0.016116212858306937,
  "min_token_prob": 1.5083923846302597e-05,
  "entropy": 4.127929503853257
}