{
  "id": "normal_0283",
  "perplexity": 44.17214336590198,
  "mean_token_prob": 0.022638702218193356,
  "min_token_prob": 7.298516814727751e-07,
  "entropy": 3.7880943498081145
}