{
  "id": "normal_0002",
  "perplexity": 61.61514468942919,
  "mean_token_prob": 0.016229776056527898,
  "min_token_prob": 2.4859640993670116e-06,
  "entropy": 4.120907695669877
}