{
  "id": "normal_0024",
  "perplexity": 119.2802116426868,
  "mean_token_prob": 0.008383620268847094,
  "min_token_prob": 4.504836317151759e-06,
  "entropy": 4.781475444789976
}