{
  "id": "normal_0415",
  "perplexity": 73.17322234092778,
  "mean_token_prob": 0.013666201487489676,
  "min_token_prob": 1.162254180001995e-05,
  "entropy": 4.292829539025983
}