{
  "id": "normal_0429",
  "perplexity": 60.94343450722577,
  "mean_token_prob": 0.016408658423762365,
  "min_token_prob": 1.004943436700914e-06,
  "entropy": 4.109946130801524
}