{
  "id": "normal_0336",
  "perplexity": 65.1400635001701,
  "mean_token_prob": 0.01535153554152413,
  "min_token_prob": 5.238392599498949e-07,
  "entropy": 4.176539774673681
}