{
  "id": "normal_0319",
  "perplexity": 31.604053765990567,
  "mean_token_prob": 0.031641510529136926,
  "min_token_prob": 5.154764545054397e-07,
  "entropy": 3.4532853960990906
}