{
  "id": "normal_0275",
  "perplexity": 72.12674846105686,
  "mean_token_prob": 0.013864481920184248,
  "min_token_prob": 8.136188830879445e-06,
  "entropy": 4.278424966628805
}