{
  "id": "normal_0269",
  "perplexity": 59.38060029666918,
  "mean_token_prob": 0.01684051685237161,
  "min_token_prob": 3.281519628965972e-06,
  "entropy": 4.083967578692887
}