{
  "id": "normal_0252",
  "perplexity": 105.18740397335539,
  "mean_token_prob": 0.0095068417151288,
  "min_token_prob": 1.6023787911380585e-05,
  "entropy": 4.655743559041331
}