{
  "id": "normal_0345",
  "perplexity": 124.18920123902244,
  "mean_token_prob": 0.008052229904235686,
  "min_token_prob": 8.728069519229949e-07,
  "entropy": 4.821806219173595
}