{
  "id": "normal_0053",
  "perplexity": 37.929624629300626,
  "mean_token_prob": 0.02636461630647144,
  "min_token_prob": 1.6889688041756237e-08,
  "entropy": 3.635732459245316
}