{
  "id": "normal_0257",
  "perplexity": 110.95664368158032,
  "mean_token_prob": 0.00901252928008319,
  "min_token_prob": 4.3279123202260045e-07,
  "entropy": 4.709139527546035
}