{
  "id": "normal_0497",
  "perplexity": 69.22215787755886,
  "mean_token_prob": 0.014446241357699572,
  "min_token_prob": 2.4932483653352126e-06,
  "entropy": 4.237321011913129
}