{
  "id": "normal_0079",
  "perplexity": 59.753499434101386,
  "mean_token_prob": 0.016735421514564867,
  "min_token_prob": 9.049875202297273e-06,
  "entropy": 4.090227757031337
}