{
  "id": "normal_0118",
  "perplexity": 66.34914402149828,
  "mean_token_prob": 0.01507178449319531,
  "min_token_prob": 1.0123429832407212e-05,
  "entropy": 4.1949308597379265
}