{
  "id": "normal_0242",
  "perplexity": 59.01633504930195,
  "mean_token_prob": 0.016944461210012533,
  "min_token_prob": 4.285266900704316e-06,
  "entropy": 4.077814270828017
}