{
  "id": "normal_0148",
  "perplexity": 52.36745683647464,
  "mean_token_prob": 0.01909582898254258,
  "min_token_prob": 2.1738754781131687e-05,
  "entropy": 3.9582853456548253
}