{
  "id": "normal_0267",
  "perplexity": 42.57557502736336,
  "mean_token_prob": 0.023487645189931062,
  "min_token_prob": 1.498420523394697e-07,
  "entropy": 3.7512807326786444
}