{
  "id": "normal_0495",
  "perplexity": 84.67119647964114,
  "mean_token_prob": 0.011810391745679962,
  "min_token_prob": 1.2557523596152621e-05,
  "entropy": 4.4387754786473055
}