{
  "id": "normal_0396",
  "perplexity": 49.963252631273896,
  "mean_token_prob": 0.02001470975838875,
  "min_token_prob": 5.180312346319135e-05,
  "entropy": 3.9112877878474026
}