{
  "id": "normal_0155",
  "perplexity": 41.76922302159248,
  "mean_token_prob": 0.02394107258071458,
  "min_token_prob": 5.132134717419416e-06,
  "entropy": 3.7321597769856454
}