{
  "id": "normal_0322",
  "perplexity": 91.27193639164486,
  "mean_token_prob": 0.010956270235234555,
  "min_token_prob": 4.152563647890882e-06,
  "entropy": 4.513843362383983
}