{
  "id": "normal_0323",
  "perplexity": 65.19887750712094,
  "mean_token_prob": 0.015337687368786086,
  "min_token_prob": 8.290321746468724e-05,
  "entropy": 4.177442252635956
}