{
  "id": "normal_0360",
  "perplexity": 61.338052017728366,
  "mean_token_prob": 0.016303093546416715,
  "min_token_prob": 9.275205512672448e-07,
  "entropy": 4.116400401053183
}