{
  "id": "normal_0419",
  "perplexity": 77.89101190094172,
  "mean_token_prob": 0.012838451775048897,
  "min_token_prob": 1.5667083619174316e-05,
  "entropy": 4.355310566257685
}