{
  "id": "normal_0021",
  "perplexity": 51.477033240397105,
  "mean_token_prob": 0.019426138941030506,
  "min_token_prob": 6.0619402774977084e-05,
  "entropy": 3.941135751704375
}