{
  "id": "normal_0157",
  "perplexity": 52.92814662322299,
  "mean_token_prob": 0.01889353895420996,
  "min_token_prob": 8.290321746468724e-05,
  "entropy": 3.9689352696366385
}