{
  "id": "normal_0297",
  "perplexity": 26.875240890415423,
  "mean_token_prob": 0.037208968808038936,
  "min_token_prob": 7.524238441784933e-07,
  "entropy": 3.291205449771951
}