{
  "id": "normal_0149",
  "perplexity": 75.5965302468521,
  "mean_token_prob": 0.013228120348045217,
  "min_token_prob": 2.2121632210824185e-06,
  "entropy": 4.325410385926564
}