{
  "id": "normal_0300",
  "perplexity": 48.941318789546564,
  "mean_token_prob": 0.02043263289042369,
  "min_token_prob": 7.674115059742536e-08,
  "entropy": 3.8906220047202495
}