{
  "id": "normal_0152",
  "perplexity": 45.06563260423384,
  "mean_token_prob": 0.02218985826254776,
  "min_token_prob": 2.966908220846604e-06,
  "entropy": 3.8081199295051835
}