{
  "id": "normal_0204",
  "perplexity": 40.41583315330005,
  "mean_token_prob": 0.024742778311829694,
  "min_token_prob": 2.465362337950997e-06,
  "entropy": 3.699221617925693
}