{
  "id": "normal_0224",
  "perplexity": 107.01235187498507,
  "mean_token_prob": 0.009344715656452715,
  "min_token_prob": 5.584648537803445e-07,
  "entropy": 4.672944265883416
}