{
  "id": "normal_0219",
  "perplexity": 59.21683916572102,
  "mean_token_prob": 0.016887088437825166,
  "min_token_prob": 1.5245980527113301e-06,
  "entropy": 4.0812059468099555
}