{
  "id": "normal_0173",
  "perplexity": 72.3352130402027,
  "mean_token_prob": 0.013824525538401562,
  "min_token_prob": 9.591377433185213e-07,
  "entropy": 4.281311051265614
}