{
  "id": "normal_0301",
  "perplexity": 80.96681324576952,
  "mean_token_prob": 0.01235073927097223,
  "min_token_prob": 8.613975342833213e-06,
  "entropy": 4.394039357701938
}