{
  "id": "normal_0356",
  "perplexity": 86.77654958260021,
  "mean_token_prob": 0.011523850680973752,
  "min_token_prob": 4.079267690254667e-05,
  "entropy": 4.463336419065794
}