{
  "id": "normal_0408",
  "perplexity": 111.06473022300254,
  "mean_token_prob": 0.009003758420806848,
  "min_token_prob": 3.1857398010508695e-06,
  "entropy": 4.710113186505623
}