{
  "id": "normal_0261",
  "perplexity": 62.61219857871691,
  "mean_token_prob": 0.015971328634032653,
  "min_token_prob": 5.332350857246995e-05,
  "entropy": 4.136960124596953
}