{
  "id": "normal_0421",
  "perplexity": 38.034360039260584,
  "mean_token_prob": 0.026292015928958974,
  "min_token_prob": 1.5188722417847698e-05,
  "entropy": 3.638489962732863
}