{
  "id": "normal_0200",
  "perplexity": 41.455572470060666,
  "mean_token_prob": 0.02412220940193753,
  "min_token_prob": 8.234222948612838e-08,
  "entropy": 3.72462231090621
}