{
  "id": "normal_0346",
  "perplexity": 55.38577198004159,
  "mean_token_prob": 0.018055178509750712,
  "min_token_prob": 1.5245980527113301e-06,
  "entropy": 4.014322737303491
}