{
  "id": "normal_0078",
  "perplexity": 52.783803519045875,
  "mean_token_prob": 0.018945205410200724,
  "min_token_prob": 1.2958550988490773e-07,
  "entropy": 3.9662043921211185
}