{
  "id": "normal_0005",
  "perplexity": 100.65437953127893,
  "mean_token_prob": 0.009934987475525039,
  "min_token_prob": 4.091146454968168e-05,
  "entropy": 4.611692663620818
}