{
  "id": "normal_0125",
  "perplexity": 34.524462400381545,
  "mean_token_prob": 0.0289649694875176,
  "min_token_prob": 2.755499572061124e-05,
  "entropy": 3.541668127860046
}