{
  "id": "normal_0331",
  "perplexity": 68.23242091723355,
  "mean_token_prob": 0.014655789528749208,
  "min_token_prob": 2.343447986414289e-06,
  "entropy": 4.22291983191022
}