{
  "id": "normal_0454",
  "perplexity": 35.9290716136604,
  "mean_token_prob": 0.027832614512082063,
  "min_token_prob": 2.8499326958797353e-06,
  "entropy": 3.581546762040151
}