{
  "id": "normal_0187",
  "perplexity": 95.54788866021595,
  "mean_token_prob": 0.010465956014540154,
  "min_token_prob": 4.517598736483017e-07,
  "entropy": 4.55962757374111
}