{
  "id": "normal_0409",
  "perplexity": 45.68208622099027,
  "mean_token_prob": 0.021890418821120174,
  "min_token_prob": 6.150303471614805e-06,
  "entropy": 3.8217062346418116
}