{
  "id": "normal_0241",
  "perplexity": 64.97703534857119,
  "mean_token_prob": 0.01539005272609732,
  "min_token_prob": 9.367938408039716e-06,
  "entropy": 4.174033905139991
}