{
  "id": "normal_0043",
  "perplexity": 34.28828833303712,
  "mean_token_prob": 0.029164477103293885,
  "min_token_prob": 7.068701789421764e-06,
  "entropy": 3.534803847848837
}