{
  "id": "normal_0037",
  "perplexity": 66.5600597009027,
  "mean_token_prob": 0.015024024985759409,
  "min_token_prob": 2.090902676000848e-05,
  "entropy": 4.198104693461209
}