{
  "id": "normal_0058",
  "perplexity": 119.33342499256135,
  "mean_token_prob": 0.008379881831618719,
  "min_token_prob": 2.7397943971466243e-06,
  "entropy": 4.781921465826385
}