{
  "id": "normal_0041",
  "perplexity": 58.34123684499777,
  "mean_token_prob": 0.017140534792857084,
  "min_token_prob": 2.3277926903015578e-05,
  "entropy": 4.06630916484902
}