{
  "id": "normal_0229",
  "perplexity": 62.835700293613606,
  "mean_token_prob": 0.015914519856184944,
  "min_token_prob": 2.8148527360889995e-08,
  "entropy": 4.140523387965831
}