{
  "id": "normal_0190",
  "perplexity": 30.877497881044285,
  "mean_token_prob": 0.03238604383854239,
  "min_token_prob": 2.8236596797698546e-05,
  "entropy": 3.430027694705442
}