{
  "id": "normal_0493",
  "perplexity": 62.28189725829667,
  "mean_token_prob": 0.01605602982601479,
  "min_token_prob": 3.281519628965972e-06,
  "entropy": 4.131670809865586
}