{
  "id": "normal_0198",
  "perplexity": 46.433531111211124,
  "mean_token_prob": 0.021536160961029206,
  "min_token_prob": 3.853078740979865e-05,
  "entropy": 3.838021851502932
}