{
  "id": "normal_0486",
  "perplexity": 89.46117517445903,
  "mean_token_prob": 0.011178033354132574,
  "min_token_prob": 8.02575475310371e-06,
  "entropy": 4.493804734230282
}