{
  "id": "normal_0230",
  "perplexity": 101.92938540317247,
  "mean_token_prob": 0.009810713525295873,
  "min_token_prob": 2.3571699776828584e-06,
  "entropy": 4.624280273565091
}