{
  "id": "normal_0342",
  "perplexity": 40.29913808659476,
  "mean_token_prob": 0.024814426498432813,
  "min_token_prob": 2.755499572061124e-05,
  "entropy": 3.6963300812945126
}