{
  "id": "normal_0034",
  "perplexity": 75.94214054736571,
  "mean_token_prob": 0.013167919587100552,
  "min_token_prob": 8.02575475310371e-06,
  "entropy": 4.329971741756489
}