{
  "id": "normal_0425",
  "perplexity": 42.213998514292065,
  "mean_token_prob": 0.023688824446739812,
  "min_token_prob": 1.275185159749359e-06,
  "entropy": 3.742751884383752
}