{
  "id": "normal_0272",
  "perplexity": 41.66213793644442,
  "mean_token_prob": 0.024002608832160745,
  "min_token_prob": 6.285028449069566e-05,
  "entropy": 3.729592753201723
}