{
  "id": "normal_0197",
  "perplexity": 62.469956015254716,
  "mean_token_prob": 0.01600769495909053,
  "min_token_prob": 2.1738754781131687e-05,
  "entropy": 4.134685737411341
}