{
  "id": "normal_0392",
  "perplexity": 48.78090114396497,
  "mean_token_prob": 0.020499826295720596,
  "min_token_prob": 0.0001856385346802809,
  "entropy": 3.887338866253157
}