{
  "id": "normal_0012",
  "perplexity": 38.1646496348608,
  "mean_token_prob": 0.026202258099248164,
  "min_token_prob": 1.5188722417847698e-05,
  "entropy": 3.6419096849347667
}