{
  "id": "normal_0141",
  "perplexity": 71.11129034425329,
  "mean_token_prob": 0.014062464556035338,
  "min_token_prob": 3.979350370818197e-06,
  "entropy": 4.264246119480384
}