{
  "id": "normal_0321",
  "perplexity": 72.8089869875403,
  "mean_token_prob": 0.013734568236351491,
  "min_token_prob": 6.716012084628838e-07,
  "entropy": 4.2878393952146565
}