{
  "id": "normal_0465",
  "perplexity": 41.6666276331009,
  "mean_token_prob": 0.024000022483354942,
  "min_token_prob": 1.665439808088387e-05,
  "entropy": 3.7297005118281743
}