{
  "id": "normal_0279",
  "perplexity": 67.55860829074322,
  "mean_token_prob": 0.01480196270024435,
  "min_token_prob": 3.979350370818197e-06,
  "entropy": 4.212995492123269
}