{
  "id": "normal_0439",
  "perplexity": 47.49025204174678,
  "mean_token_prob": 0.021056952890478244,
  "min_token_prob": 8.290321746468724e-05,
  "entropy": 3.860524469806302
}