{
  "id": "normal_0250",
  "perplexity": 100.45823579108237,
  "mean_token_prob": 0.009954385443117343,
  "min_token_prob": 1.554672502847269e-06,
  "entropy": 4.609742076860534
}