{
  "id": "normal_0185",
  "perplexity": 44.10817593911861,
  "mean_token_prob": 0.022671533762363572,
  "min_token_prob": 8.217090353901702e-08,
  "entropy": 3.786645160714055
}