{
  "id": "normal_0471",
  "perplexity": 56.23538464039476,
  "mean_token_prob": 0.017782398153665054,
  "min_token_prob": 6.666394852768442e-08,
  "entropy": 4.0295461787080225
}