{
  "id": "normal_0474",
  "perplexity": 50.9631049372925,
  "mean_token_prob": 0.019622038359523992,
  "min_token_prob": 5.332350857246995e-05,
  "entropy": 3.9311019383185806
}