{
  "id": "normal_0315",
  "perplexity": 51.14697188857832,
  "mean_token_prob": 0.019551499591773703,
  "min_token_prob": 1.5989807429057322e-05,
  "entropy": 3.9347032900309054
}