{
  "id": "normal_0116",
  "perplexity": 69.88314059232836,
  "mean_token_prob": 0.014309603024764146,
  "min_token_prob": 1.6023787911380585e-05,
  "entropy": 4.246824426905198
}