{
  "id": "normal_0113",
  "perplexity": 63.06524398668015,
  "mean_token_prob": 0.015856594485089245,
  "min_token_prob": 2.1403277864226834e-05,
  "entropy": 4.144169809344487
}