{
  "id": "normal_0107",
  "perplexity": 37.5455845069103,
  "mean_token_prob": 0.02663429037350448,
  "min_token_prob": 3.853078740979865e-05,
  "entropy": 3.625555781599803
}