{
  "id": "normal_0243",
  "perplexity": 135.12136396725361,
  "mean_token_prob": 0.007400754186009756,
  "min_token_prob": 5.821810162159731e-07,
  "entropy": 4.906173366936855
}