{
  "id": "normal_0016",
  "perplexity": 34.495036823456964,
  "mean_token_prob": 0.028989677706909713,
  "min_token_prob": 1.5188722417847698e-05,
  "entropy": 3.5408154534987912
}