{
  "id": "normal_0221",
  "perplexity": 90.49364010655323,
  "mean_token_prob": 0.011050500331543006,
  "min_token_prob": 4.517598736483017e-07,
  "entropy": 4.505279573170762
}