{
  "id": "normal_0205",
  "perplexity": 60.661520329189564,
  "mean_token_prob": 0.016484914894538384,
  "min_token_prob": 1.0943140767842753e-06,
  "entropy": 4.105309565071806
}