{
  "id": "normal_0430",
  "perplexity": 29.851660273671364,
  "mean_token_prob": 0.03349897428927872,
  "min_token_prob": 2.2431629148735064e-06,
  "entropy": 3.39624045885035
}