{
  "id": "normal_0489",
  "perplexity": 123.38971571240279,
  "mean_token_prob": 0.008104403144349596,
  "min_token_prob": 3.5169794126181937e-06,
  "entropy": 4.8153477669318
}