{
  "id": "normal_0485",
  "perplexity": 51.86694169805435,
  "mean_token_prob": 0.019280103419660705,
  "min_token_prob": 1.3755697382259823e-05,
  "entropy": 3.9486816257238386
}