{
  "id": "normal_0277",
  "perplexity": 41.631248985242784,
  "mean_token_prob": 0.024020417940246626,
  "min_token_prob": 1.5188722417847698e-05,
  "entropy": 3.7288510628044604
}