{
  "id": "normal_0035",
  "perplexity": 52.86511790900136,
  "mean_token_prob": 0.01891606487516657,
  "min_token_prob": 2.313972473150814e-05,
  "entropy": 3.9677437245612963
}