{
  "id": "normal_0406",
  "perplexity": 63.47091792212071,
  "mean_token_prob": 0.015755247170475894,
  "min_token_prob": 6.371777564441184e-05,
  "entropy": 4.150581815512851
}