{
  "id": "normal_0363",
  "perplexity": 41.749966872532504,
  "mean_token_prob": 0.023952114813722274,
  "min_token_prob": 7.298516814727751e-07,
  "entropy": 3.7316986578242743
}