{
  "id": "normal_0048",
  "perplexity": 87.10779680697837,
  "mean_token_prob": 0.011480028615760928,
  "min_token_prob": 1.0693451827780257e-05,
  "entropy": 4.467146395431722
}