{
  "id": "normal_0435",
  "perplexity": 63.169702250950564,
  "mean_token_prob": 0.015830373808433648,
  "min_token_prob": 1.6535575384126107e-05,
  "entropy": 4.145824791442964
}