{
  "id": "normal_0083",
  "perplexity": 116.18930121931987,
  "mean_token_prob": 0.008606644411367891,
  "min_token_prob": 2.5138529952470804e-06,
  "entropy": 4.75522076805602
}