{
  "id": "normal_0147",
  "perplexity": 49.24408531384656,
  "mean_token_prob": 0.02030700730101322,
  "min_token_prob": 8.290321746468724e-05,
  "entropy": 3.8967892652557743
}