{
  "id": "normal_0032",
  "perplexity": 56.796143094669326,
  "mean_token_prob": 0.017606829363979403,
  "min_token_prob": 1.6535575384126107e-05,
  "entropy": 4.039468420158711
}