{
  "id": "normal_0231",
  "perplexity": 31.569742231950954,
  "mean_token_prob": 0.03167590006445871,
  "min_token_prob": 2.8980167992604526e-06,
  "entropy": 3.4521991375682726
}