{
  "id": "normal_0433",
  "perplexity": 39.56432847138187,
  "mean_token_prob": 0.025275293139963986,
  "min_token_prob": 5.624854263708919e-07,
  "entropy": 3.6779279161225227
}