{
  "id": "normal_0139",
  "perplexity": 85.76389363291169,
  "mean_token_prob": 0.011659918383372608,
  "min_token_prob": 3.840911118382584e-06,
  "entropy": 4.451598097795043
}