{
  "id": "normal_0313",
  "perplexity": 66.27557659439947,
  "mean_token_prob": 0.015088514523531188,
  "min_token_prob": 2.825688125354365e-05,
  "entropy": 4.1938214521659045
}