{
  "id": "normal_0191",
  "perplexity": 74.59100001541547,
  "mean_token_prob": 0.013406443133800771,
  "min_token_prob": 4.079267690254667e-05,
  "entropy": 4.312019856706742
}