{
  "id": "normal_0174",
  "perplexity": 47.18798628115239,
  "mean_token_prob": 0.021191834592005368,
  "min_token_prob": 8.02575475310371e-06,
  "entropy": 3.854139332252089
}