{
  "id": "normal_0201",
  "perplexity": 96.88238870826258,
  "mean_token_prob": 0.010321793396437132,
  "min_token_prob": 4.709628322115322e-06,
  "entropy": 4.573497755301966
}