{
  "id": "normal_0491",
  "perplexity": 75.52780684664481,
  "mean_token_prob": 0.013240156728374844,
  "min_token_prob": 5.613341088952671e-06,
  "entropy": 4.32450089105279
}