{
  "id": "normal_0235",
  "perplexity": 33.99184869228376,
  "mean_token_prob": 0.02941881770105086,
  "min_token_prob": 1.7101814503495667e-05,
  "entropy": 3.5261207515282966
}