{
  "id": "normal_0010",
  "perplexity": 131.1663174808667,
  "mean_token_prob": 0.007623908478987911,
  "min_token_prob": 2.1722434008122034e-06,
  "entropy": 4.876466117032311
}