{
  "id": "normal_0466",
  "perplexity": 52.799749675520836,
  "mean_token_prob": 0.018939483731371224,
  "min_token_prob": 1.5034046862350552e-05,
  "entropy": 3.9665064497070537
}