{
  "id": "normal_0186",
  "perplexity": 59.82316636320281,
  "mean_token_prob": 0.016715932318405322,
  "min_token_prob": 1.6535575384126107e-05,
  "entropy": 4.091392983315569
}