{
  "id": "normal_0327",
  "perplexity": 40.8456644199923,
  "mean_token_prob": 0.02448240258054268,
  "min_token_prob": 7.649534717622276e-08,
  "entropy": 3.7098006815238693
}