{
  "id": "normal_0451",
  "perplexity": 73.23560887466947,
  "mean_token_prob": 0.013654559788139856,
  "min_token_prob": 8.202316836309645e-06,
  "entropy": 4.293681762720409
}