{
  "id": "normal_0176",
  "perplexity": 65.05748596198856,
  "mean_token_prob": 0.015371021262399759,
  "min_token_prob": 7.361630415018564e-06,
  "entropy": 4.175271278460111
}