{
  "id": "normal_0401",
  "perplexity": 97.2965162247037,
  "mean_token_prob": 0.010277860285259616,
  "min_token_prob": 1.0591142403696983e-06,
  "entropy": 4.5777631840772095
}