{
  "id": "repetition_0114",
  "perplexity": 3.4534645302989517,
  "mean_token_prob": 0.2895642886227745,
  "min_token_prob": 6.881286792273476e-05,
  "entropy": 1.2393779388408828
}