{
  "id": "repetition_0008",
  "perplexity": 10.420671386534957,
  "mean_token_prob": 0.09596310668544325,
  "min_token_prob": 5.6066349169357166e-05,
  "entropy": 2.3437914667384967
}