{
  "id": "repetition_0020",
  "perplexity": 5.075690344034446,
  "mean_token_prob": 0.1970175349990211,
  "min_token_prob": 0.00015322082582460044,
  "entropy": 1.6244625440580014
}