{
  "id": "repetition_0098",
  "perplexity": 6.17599801625627,
  "mean_token_prob": 0.16191715045371308,
  "min_token_prob": 0.0030720127136901055,
  "entropy": 1.8206704915203946
}