{
  "id": "repetition_0029",
  "perplexity": 16.657105121462795,
  "mean_token_prob": 0.06003444132146907,
  "min_token_prob": 2.9514250023121597e-05,
  "entropy": 2.8128368594231743
}