{
  "id": "repetition_0050",
  "perplexity": 10.130392149512904,
  "mean_token_prob": 0.09871286177683483,
  "min_token_prob": 5.494573170807338e-06,
  "entropy": 2.3155400292105144
}