{
  "id": "repetition_0084",
  "perplexity": 3.9968239235182628,
  "mean_token_prob": 0.2501986625219495,
  "min_token_prob": 3.3837269038283616e-06,
  "entropy": 1.3855000265993076
}