{
  "id": "repetition_0000",
  "perplexity": 5.776610675025248,
  "mean_token_prob": 0.17311189142855457,
  "min_token_prob": 7.0105162653515094e-06,
  "entropy": 1.75381712228743
}