{
  "id": "repetition_0115",
  "perplexity": 6.1742253457181295,
  "mean_token_prob": 0.16196363819041806,
  "min_token_prob": 3.669532992149656e-05,
  "entropy": 1.8203834245583879
}