{
  "id": "repetition_0038",
  "perplexity": 5.495958885131959,
  "mean_token_prob": 0.18195187061993273,
  "min_token_prob": 2.2548963171400738e-05,
  "entropy": 1.7040130740208799
}