{
  "id": "repetition_0089",
  "perplexity": 15.151895273716358,
  "mean_token_prob": 0.06599834422923163,
  "min_token_prob": 6.525110209596281e-06,
  "entropy": 2.718125624706291
}