{
  "id": "repetition_0072",
  "perplexity": 13.995470751240497,
  "mean_token_prob": 0.071451687319011,
  "min_token_prob": 2.9514250023121597e-05,
  "entropy": 2.63873375950356
}