{
  "id": "repetition_0004",
  "perplexity": 10.27332812017983,
  "mean_token_prob": 0.09733943940091884,
  "min_token_prob": 1.0824218644449115e-07,
  "entropy": 2.329551033778549
}