{
  "id": "repetition_0099",
  "perplexity": 4.1867056148633095,
  "mean_token_prob": 0.23885128117197432,
  "min_token_prob": 0.00019730989071273708,
  "entropy": 1.431914175241882
}