{
  "id": "repetition_0074",
  "perplexity": 7.577059642570818,
  "mean_token_prob": 0.1319773166864911,
  "min_token_prob": 1.6337881066026018e-05,
  "entropy": 2.0251252144466734
}