{
  "id": "repetition_0009",
  "perplexity": 4.632897681208993,
  "mean_token_prob": 0.21584763334100696,
  "min_token_prob": 0.0001966231413944377,
  "entropy": 1.533182521409502
}