{
  "id": "repetition_0055",
  "perplexity": 8.045570232090856,
  "mean_token_prob": 0.12429199809994367,
  "min_token_prob": 3.352226015570651e-05,
  "entropy": 2.0851216582420715
}