{
  "id": "repetition_0018",
  "perplexity": 13.724709604382786,
  "mean_token_prob": 0.07286128660096856,
  "min_token_prob": 0.00015322082582460044,
  "entropy": 2.619197829021141
}