{
  "id": "repetition_0064",
  "perplexity": 5.033004810586402,
  "mean_token_prob": 0.1986884649695951,
  "min_token_prob": 5.8376834109467034e-05,
  "entropy": 1.6160171836027075
}