{
  "id": "repetition_0014",
  "perplexity": 6.666267161244436,
  "mean_token_prob": 0.15000898941069793,
  "min_token_prob": 2.170591987159087e-05,
  "entropy": 1.8970600572769234
}