{
  "id": "repetition_0007",
  "perplexity": 12.052334244463657,
  "mean_token_prob": 0.08297147919369716,
  "min_token_prob": 3.196286058291358e-05,
  "entropy": 2.4892583544101767
}