{
  "id": "repetition_0034",
  "perplexity": 3.1654308898863146,
  "mean_token_prob": 0.315912757152602,
  "min_token_prob": 0.00042626334404372626,
  "entropy": 1.152289188473814
}