{
  "id": "repetition_0039",
  "perplexity": 7.702875720604766,
  "mean_token_prob": 0.12982164535318352,
  "min_token_prob": 2.9514250023121597e-05,
  "entropy": 2.04159372934541
}