{
  "id": "repetition_0067",
  "perplexity": 3.4980611551210705,
  "mean_token_prob": 0.28587264649047833,
  "min_token_prob": 0.0006683892408499143,
  "entropy": 1.2522088593255392
}