{
  "id": "repetition_0062",
  "perplexity": 3.617300676950312,
  "mean_token_prob": 0.27644923364321594,
  "min_token_prob": 3.1959521938832187e-06,
  "entropy": 1.2857280783372664
}