{
  "id": "repetition_0096",
  "perplexity": 5.344003429790538,
  "mean_token_prob": 0.18712562840536867,
  "min_token_prob": 6.80888214445169e-06,
  "entropy": 1.6759750780362603
}