{
  "id": "repetition_0030",
  "perplexity": 3.5075495254125344,
  "mean_token_prob": 0.2850993244015241,
  "min_token_prob": 6.09067092462522e-05,
  "entropy": 1.2549176527558166
}