{
  "id": "repetition_0104",
  "perplexity": 8.275463343777515,
  "mean_token_prob": 0.12083915527846785,
  "min_token_prob": 0.001936439361079604,
  "entropy": 2.1132949129013077
}