{
  "id": "repetition_0107",
  "perplexity": 2.924368412068661,
  "mean_token_prob": 0.34195417919064885,
  "min_token_prob": 6.09067092462522e-05,
  "entropy": 1.0730785298702274
}