{
  "id": "repetition_0119",
  "perplexity": 3.2418544869600336,
  "mean_token_prob": 0.308465418180359,
  "min_token_prob": 0.0022708053397907657,
  "entropy": 1.1761455385800952
}