{
  "id": "repetition_0081",
  "perplexity": 10.630359993347362,
  "mean_token_prob": 0.09407019147289601,
  "min_token_prob": 6.648925143608817e-07,
  "entropy": 2.363714057570392
}