{
  "id": "repetition_0044",
  "perplexity": 9.976952531167832,
  "mean_token_prob": 0.10023100710121821,
  "min_token_prob": 4.7140074268909374e-05,
  "entropy": 2.3002776860938345
}