{
  "id": "repetition_0054",
  "perplexity": 7.275472358617301,
  "mean_token_prob": 0.13744812030184791,
  "min_token_prob": 4.7140074268909374e-05,
  "entropy": 1.9845087399693189
}