{
  "id": "repetition_0075",
  "perplexity": 3.8167780365829147,
  "mean_token_prob": 0.2620010884613243,
  "min_token_prob": 6.243026522420621e-05,
  "entropy": 1.3394066207971342
}