{
  "id": "repetition_0053",
  "perplexity": 8.934847439271001,
  "mean_token_prob": 0.11192132902065427,
  "min_token_prob": 0.0003805762069769107,
  "entropy": 2.1899590739576182
}