{
  "id": "repetition_0059",
  "perplexity": 6.463717706539552,
  "mean_token_prob": 0.15470972672402875,
  "min_token_prob": 3.343541629421232e-05,
  "entropy": 1.866204648628334
}