{
  "id": "repetition_0124",
  "perplexity": 12.930033440075215,
  "mean_token_prob": 0.0773393204769765,
  "min_token_prob": 2.305821790206131e-05,
  "entropy": 2.5595527790198043
}