{
  "id": "repetition_0010",
  "perplexity": 2.7453935044929842,
  "mean_token_prob": 0.36424650905724304,
  "min_token_prob": 0.0006683892408499143,
  "entropy": 1.009924417872466
}