{
  "id": "repetition_0091",
  "perplexity": 4.800602065615411,
  "mean_token_prob": 0.2083072052904692,
  "min_token_prob": 1.3704643502642367e-05,
  "entropy": 1.5687413403846624
}