{
  "id": "repetition_0035",
  "perplexity": 10.695000466565855,
  "mean_token_prob": 0.09350163219965694,
  "min_token_prob": 4.914441684148845e-06,
  "entropy": 2.369776386159039
}