{
  "id": "repetition_0027",
  "perplexity": 4.976069280760746,
  "mean_token_prob": 0.200961832237014,
  "min_token_prob": 1.641417190684474e-05,
  "entropy": 1.6046402783224196
}