{
  "id": "repetition_0070",
  "perplexity": 5.2312337644467926,
  "mean_token_prob": 0.19115949411328798,
  "min_token_prob": 6.09067092462522e-05,
  "entropy": 1.6546471516803267
}