{
  "id": "repetition_0087",
  "perplexity": 8.652228034722933,
  "mean_token_prob": 0.11557716648091357,
  "min_token_prob": 3.296844584328439e-05,
  "entropy": 2.1578168640452633
}