{
  "id": "repetition_0088",
  "perplexity": 5.391449960330868,
  "mean_token_prob": 0.1854788614116398,
  "min_token_prob": 6.176583602290887e-06,
  "entropy": 1.684814358082205
}