{
  "id": "repetition_0013",
  "perplexity": 3.9148585189960556,
  "mean_token_prob": 0.255437072667557,
  "min_token_prob": 3.352226015570651e-05,
  "entropy": 1.3647791906022966
}