{
  "id": "repetition_0040",
  "perplexity": 3.933212548550679,
  "mean_token_prob": 0.25424509549286445,
  "min_token_prob": 0.00024055186317724808,
  "entropy": 1.3694565343364191
}