{
  "id": "repetition_0063",
  "perplexity": 8.466458654959984,
  "mean_token_prob": 0.11811313806087752,
  "min_token_prob": 3.4473354426416106e-05,
  "entropy": 2.1361123167427625
}