{
  "id": "repetition_0083",
  "perplexity": 4.6233435767069,
  "mean_token_prob": 0.216293680841318,
  "min_token_prob": 1.931499015140354e-06,
  "entropy": 1.531118161238058
}