{
  "id": "repetition_0043",
  "perplexity": 4.9820303165971636,
  "mean_token_prob": 0.2007213799299042,
  "min_token_prob": 2.84444925458916e-05,
  "entropy": 1.605837502047721
}