{
  "id": "repetition_0117",
  "perplexity": 5.68018266982676,
  "mean_token_prob": 0.17605067620659798,
  "min_token_prob": 0.0016022245581373913,
  "entropy": 1.7369833923967
}