{
  "id": "repetition_0052",
  "perplexity": 4.730585977661734,
  "mean_token_prob": 0.21139030232662354,
  "min_token_prob": 1.9193926703262255e-06,
  "entropy": 1.5540490801714337
}