{
  "id": "repetition_0032",
  "perplexity": 3.0981719725777483,
  "mean_token_prob": 0.3227709787742924,
  "min_token_prob": 8.689732157553754e-05,
  "entropy": 1.1308122512925316
}