{
  "id": "repetition_0021",
  "perplexity": 22.038023412208222,
  "mean_token_prob": 0.04537612023072987,
  "min_token_prob": 3.352226015570651e-05,
  "entropy": 3.0927692984213246
}