{
  "id": "repetition_0073",
  "perplexity": 3.923869838526936,
  "mean_token_prob": 0.2548504515061618,
  "min_token_prob": 5.529872902245751e-06,
  "entropy": 1.3670783705431067
}