{
  "id": "repetition_0006",
  "perplexity": 3.51067882601348,
  "mean_token_prob": 0.28484519648741013,
  "min_token_prob": 7.957505420229869e-06,
  "entropy": 1.2558094165034834
}