{
  "id": "repetition_0057",
  "perplexity": 10.111508354753363,
  "mean_token_prob": 0.09889721344391765,
  "min_token_prob": 1.5860312941845439e-06,
  "entropy": 2.313674216241634
}