{
  "id": "repetition_0068",
  "perplexity": 9.036103049198333,
  "mean_token_prob": 0.11066717528068896,
  "min_token_prob": 4.1284629506168065e-05,
  "entropy": 2.2012280028344793
}