{
  "id": "repetition_0022",
  "perplexity": 2.8816369377585,
  "mean_token_prob": 0.34702497975954477,
  "min_token_prob": 0.0016763832743108065,
  "entropy": 1.0583585138466058
}