{
  "id": "repetition_0019",
  "perplexity": 4.013159823134597,
  "mean_token_prob": 0.24918020813308164,
  "min_token_prob": 5.443146178315617e-05,
  "entropy": 1.3895789168397499
}