{
  "id": "repetition_0037",
  "perplexity": 5.416824697777318,
  "mean_token_prob": 0.18460999862342406,
  "min_token_prob": 9.224830140372131e-08,
  "entropy": 1.6895097946563296
}