{
  "id": "repetition_0108",
  "perplexity": 12.115646483568398,
  "mean_token_prob": 0.08253789852289187,
  "min_token_prob": 4.7140074268909374e-05,
  "entropy": 2.4944977150873173
}