{
  "id": "repetition_0023",
  "perplexity": 5.092187058205294,
  "mean_token_prob": 0.19637927447866438,
  "min_token_prob": 0.00018187425523884175,
  "entropy": 1.627707415724524
}