{
  "id": "repetition_0079",
  "perplexity": 3.411323510551355,
  "mean_token_prob": 0.2931413561062038,
  "min_token_prob": 0.001936439361079604,
  "entropy": 1.2271003422553062
}