{
  "id": "repetition_0109",
  "perplexity": 13.007913193173838,
  "mean_token_prob": 0.07687628177936873,
  "min_token_prob": 2.9514250023121597e-05,
  "entropy": 2.5655578794416933
}