{
  "id": "repetition_0123",
  "perplexity": 12.140551350865746,
  "mean_token_prob": 0.08236858204373805,
  "min_token_prob": 8.01794030032334e-05,
  "entropy": 2.4965512006516186
}