{
  "id": "repetition_0003",
  "perplexity": 8.105333535104347,
  "mean_token_prob": 0.12337555211873538,
  "min_token_prob": 2.8436274318390706e-05,
  "entropy": 2.092522306111977
}