{
  "id": "repetition_0103",
  "perplexity": 4.771364898611139,
  "mean_token_prob": 0.2095836351336454,
  "min_token_prob": 5.9852884983997586e-06,
  "entropy": 1.5626324062358457
}