{
  "id": "repetition_0028",
  "perplexity": 6.678975481584838,
  "mean_token_prob": 0.14972356205786108,
  "min_token_prob": 3.611291857315757e-05,
  "entropy": 1.8989646047657829
}