{
  "id": "repetition_0025",
  "perplexity": 14.730517522092859,
  "mean_token_prob": 0.06788627748483365,
  "min_token_prob": 1.9325520788677647e-05,
  "entropy": 2.689921363740105
}