{
  "id": "repetition_0113",
  "perplexity": 2.8460710876419935,
  "mean_token_prob": 0.35136156800233437,
  "min_token_prob": 0.0003058756576044081,
  "entropy": 1.045939477444959
}