{
  "id": "repetition_0077",
  "perplexity": 4.669706191575662,
  "mean_token_prob": 0.21414623511090278,
  "min_token_prob": 6.881286792273476e-05,
  "entropy": 1.5410961556921423
}