{
  "id": "repetition_0112",
  "perplexity": 7.151183918184457,
  "mean_token_prob": 0.13983698523780663,
  "min_token_prob": 0.001936439361079604,
  "entropy": 1.9672779259614317
}