{
  "id": "repetition_0060",
  "perplexity": 2.495627706112451,
  "mean_token_prob": 0.4007007926505769,
  "min_token_prob": 0.00024544983148670974,
  "entropy": 0.9145402831773407
}