{
  "id": "repetition_0110",
  "perplexity": 9.551921207177406,
  "mean_token_prob": 0.10469098083101758,
  "min_token_prob": 4.267099055444467e-06,
  "entropy": 2.2567423077863884
}