{
  "id": "repetition_0033",
  "perplexity": 2.347183614848648,
  "mean_token_prob": 0.42604251055343295,
  "min_token_prob": 8.689732157553754e-05,
  "entropy": 0.8532161476599278
}