{
  "id": "repetition_0045",
  "perplexity": 13.525889879206668,
  "mean_token_prob": 0.07393228903462379,
  "min_token_prob": 5.7529660077466295e-08,
  "entropy": 2.6046056177035686
}