{
  "id": "repetition_0095",
  "perplexity": 6.732288446270916,
  "mean_token_prob": 0.148537901781958,
  "min_token_prob": 2.305821790206131e-05,
  "entropy": 1.9069151224503003
}