{
  "id": "repetition_0041",
  "perplexity": 4.587229926615677,
  "mean_token_prob": 0.21799648502419203,
  "min_token_prob": 2.747817184776209e-06,
  "entropy": 1.5232763400652753
}