{
  "id": "repetition_0076",
  "perplexity": 3.128508092534303,
  "mean_token_prob": 0.31964117413867144,
  "min_token_prob": 0.0025882389603251415,
  "entropy": 1.140556243166793
}