{
  "id": "repetition_0012",
  "perplexity": 4.904029967808337,
  "mean_token_prob": 0.20391392519302048,
  "min_token_prob": 2.9514250023121597e-05,
  "entropy": 1.590057309506009
}