{
  "id": "repetition_0094",
  "perplexity": 6.6501650404853345,
  "mean_token_prob": 0.15037220789441025,
  "min_token_prob": 1.2055302712833398e-05,
  "entropy": 1.8946416724778938
}