{
  "id": "repetition_0101",
  "perplexity": 5.689097250168698,
  "mean_token_prob": 0.1757748120706404,
  "min_token_prob": 0.00024544983148670974,
  "entropy": 1.7385515800447433
}