{
  "id": "repetition_0036",
  "perplexity": 2.435732595744304,
  "mean_token_prob": 0.4105540984865061,
  "min_token_prob": 8.689732157553754e-05,
  "entropy": 0.8902475719603345
}