{
  "id": "repetition_0085",
  "perplexity": 9.45367200314135,
  "mean_token_prob": 0.10577900308660075,
  "min_token_prob": 6.881286792273476e-05,
  "entropy": 2.246403237792185
}