{
  "id": "repetition_0026",
  "perplexity": 4.991931825165174,
  "mean_token_prob": 0.20032324859863482,
  "min_token_prob": 1.0898174795407724e-07,
  "entropy": 1.6078229741559975
}