{
  "id": "repetition_0061",
  "perplexity": 6.9622110176558225,
  "mean_token_prob": 0.14363253246189314,
  "min_token_prob": 2.9514250023121597e-05,
  "entropy": 1.9404970988488741
}