{
  "id": "repetition_0002",
  "perplexity": 3.306113873411315,
  "mean_token_prob": 0.3024699203624768,
  "min_token_prob": 8.689732157553754e-05,
  "entropy": 1.1957734432736677
}