{
  "id": "repetition_0122",
  "perplexity": 5.4946965079713435,
  "mean_token_prob": 0.18199367308990877,
  "min_token_prob": 4.7140074268909374e-05,
  "entropy": 1.7037833557518567
}