{
  "id": "repetition_0049",
  "perplexity": 4.792239624652409,
  "mean_token_prob": 0.20867070061683987,
  "min_token_prob": 0.0025434724017782606,
  "entropy": 1.5669978647074254
}