{
  "id": "repetition_0051",
  "perplexity": 3.3728265810550044,
  "mean_token_prob": 0.2964872269499266,
  "min_token_prob": 0.001236251380455903,
  "entropy": 1.215751140899194
}