{
  "id": "repetition_0005",
  "perplexity": 2.5357594133189716,
  "mean_token_prob": 0.3943591788509357,
  "min_token_prob": 8.689732157553754e-05,
  "entropy": 0.9304931635095982
}