{
  "id": "repetition_0047",
  "perplexity": 8.086788882149506,
  "mean_token_prob": 0.12365847737256565,
  "min_token_prob": 6.881286792273476e-05,
  "entropy": 2.0902317279425158
}