{
  "id": "repetition_0058",
  "perplexity": 7.1392657922636,
  "mean_token_prob": 0.14007042588099758,
  "min_token_prob": 3.142093177376491e-05,
  "entropy": 1.9656099408489218
}