{
  "id": "repetition_0015",
  "perplexity": 5.007385581081851,
  "mean_token_prob": 0.1997050124875642,
  "min_token_prob": 0.00024544983148670974,
  "entropy": 1.6109139387874165
}