{
  "id": "repetition_0017",
  "perplexity": 12.185200493351374,
  "mean_token_prob": 0.08206676620098548,
  "min_token_prob": 2.9514250023121597e-05,
  "entropy": 2.5002221410535275
}