{
  "id": "repetition_0078",
  "perplexity": 6.568284812929265,
  "mean_token_prob": 0.15224674758797938,
  "min_token_prob": 2.4212749834220465e-08,
  "entropy": 1.8822527349324305
}