{
  "id": "repetition_0001",
  "perplexity": 4.799707796357542,
  "mean_token_prob": 0.20834601655519355,
  "min_token_prob": 0.0006683892408499143,
  "entropy": 1.5685550403019957
}