{
  "id": "repetition_0011",
  "perplexity": 9.870054993456554,
  "mean_token_prob": 0.10131655808027,
  "min_token_prob": 0.0017795196003796106,
  "entropy": 2.2895054252086475
}