{
  "id": "repetition_0071",
  "perplexity": 6.225676500354645,
  "mean_token_prob": 0.16062511438604868,
  "min_token_prob": 2.9514250023121597e-05,
  "entropy": 1.828682111201864
}