{
  "id": "repetition_0106",
  "perplexity": 3.484375133749422,
  "mean_token_prob": 0.2869955046786058,
  "min_token_prob": 3.4473354426416106e-05,
  "entropy": 1.2482887264859306
}