{
  "id": "repetition_0031",
  "perplexity": 3.9700374973798884,
  "mean_token_prob": 0.2518867896487052,
  "min_token_prob": 0.00020757899570239096,
  "entropy": 1.3787755398383446
}