{
  "id": "repetition_0105",
  "perplexity": 12.67573615966459,
  "mean_token_prob": 0.07889088155543156,
  "min_token_prob": 6.09067092462522e-05,
  "entropy": 2.5396896274486447
}