{
  "id": "repetition_0066",
  "perplexity": 6.502826366318484,
  "mean_token_prob": 0.15377928667748528,
  "min_token_prob": 4.2220118191619204e-05,
  "entropy": 1.8722369079798005
}