{
  "id": "repetition_0093",
  "perplexity": 2.9354934347769595,
  "mean_token_prob": 0.34065823079450375,
  "min_token_prob": 8.689732157553754e-05,
  "entropy": 1.0768755600273388
}