{
  "id": "repetition_0102",
  "perplexity": 5.643693542424905,
  "mean_token_prob": 0.17718892645087417,
  "min_token_prob": 2.9326726986506803e-06,
  "entropy": 1.7305387345760737
}