{
  "id": "repetition_0069",
  "perplexity": 9.579196398711064,
  "mean_token_prob": 0.10439289042393533,
  "min_token_prob": 0.0006435457628557613,
  "entropy": 2.25959370524006
}