{
  "id": "repetition_0120",
  "perplexity": 4.451506855705708,
  "mean_token_prob": 0.22464303266617514,
  "min_token_prob": 3.4473354426416106e-05,
  "entropy": 1.4932426581192961
}