{
  "id": "repetition_0121",
  "perplexity": 17.93886463923635,
  "mean_token_prob": 0.055744887991003286,
  "min_token_prob": 0.00014809261106040218,
  "entropy": 2.886969568074814
}