{
  "id": "repetition_0111",
  "perplexity": 6.61765680108666,
  "mean_token_prob": 0.15111088865106964,
  "min_token_prob": 0.001936439361079604,
  "entropy": 1.8897413497513815
}