{
  "id": "repetition_0046",
  "perplexity": 2.3231514944439935,
  "mean_token_prob": 0.4304497586109135,
  "min_token_prob": 0.00019730989071273708,
  "entropy": 0.8429246666614332
}