{
  "id": "repetition_0090",
  "perplexity": 20.708804780969118,
  "mean_token_prob": 0.048288639087417325,
  "min_token_prob": 2.9514250023121597e-05,
  "entropy": 3.0305589615725554
}