{
  "id": "repetition_0080",
  "perplexity": 7.387102827839321,
  "mean_token_prob": 0.13537106810417765,
  "min_token_prob": 2.2670757614081525e-06,
  "entropy": 1.9997356185579234
}