{
  "id": "repetition_0065",
  "perplexity": 2.6825486962065774,
  "mean_token_prob": 0.37277981250223396,
  "min_token_prob": 0.0006683892408499143,
  "entropy": 0.986767348650241
}