{
  "id": "repetition_0116",
  "perplexity": 2.952528575404005,
  "mean_token_prob": 0.33869274232618274,
  "min_token_prob": 0.0006683892408499143,
  "entropy": 1.0826619474181607
}