{
  "id": "repetition_0024",
  "perplexity": 3.4233217465494032,
  "mean_token_prob": 0.2921139390441367,
  "min_token_prob": 0.0003091924116460347,
  "entropy": 1.2306113506169905
}