{
  "id": "repetition_0056",
  "perplexity": 4.436465213174603,
  "mean_token_prob": 0.2254046751071963,
  "min_token_prob": 8.689732157553754e-05,
  "entropy": 1.4898579362109203
}