{
  "id": "repetition_0042",
  "perplexity": 3.0308174885954533,
  "mean_token_prob": 0.3299439850016907,
  "min_token_prob": 0.00024544983148670974,
  "entropy": 1.1088323813486052
}