{
  "id": "repetition_0086",
  "perplexity": 2.862618682146245,
  "mean_token_prob": 0.34933049457018533,
  "min_token_prob": 8.689732157553754e-05,
  "entropy": 1.0517368290326627
}