{
  "id": "repetition_0100",
  "perplexity": 4.429285174596655,
  "mean_token_prob": 0.22577006459988508,
  "min_token_prob": 0.0006683892408499143,
  "entropy": 1.4882382109009016
}