{
  "id": "repetition_0092",
  "perplexity": 2.556262518748344,
  "mean_token_prob": 0.39119612820112193,
  "min_token_prob": 0.0006683892408499143,
  "entropy": 0.9385462381068487
}