{
  "id": "repetition_0097",
  "perplexity": 4.117210627829225,
  "mean_token_prob": 0.24288288610758885,
  "min_token_prob": 6.09067092462522e-05,
  "entropy": 1.415175901991434
}