{
  "id": "repetition_0016",
  "perplexity": 8.095265122556725,
  "mean_token_prob": 0.12352899934229335,
  "min_token_prob": 0.0006683892408499143,
  "entropy": 2.0912793379900374
}