{
  "id": "repetition_0048",
  "perplexity": 2.5746992867269554,
  "mean_token_prob": 0.38839487203619566,
  "min_token_prob": 0.0016022245581373913,
  "entropy": 0.9457327454425583
}