{
  "id": "repetition_0082",
  "perplexity": 5.304068684806701,
  "mean_token_prob": 0.18853451179176114,
  "min_token_prob": 5.9622129683794905e-05,
  "entropy": 1.6684742024239052
}