{
  "id": "repetition_0118",
  "perplexity": 6.653913151217945,
  "mean_token_prob": 0.1502875041007949,
  "min_token_prob": 1.3402447008700738e-06,
  "entropy": 1.8952051253947761
}