{
  "total_outliers": 406,
  "total_normals": 7665,
  "outliers_with_structural_issues": 151,
  "normals_with_structural_issues": 4256,
  "precision": 0.37192118226600984,
  "recall": 0.034263671431813025,
  "f1_score": 0.06274672761271556,
  "accuracy": 0.4410853673646388,
  "correlation_outliers_only": NaN,
  "correlation_full_dataset": NaN,
  "utility_assessment": "HELPFUL",
  "enrichment_factor": 0.669825155561317,
  "statistical_tests": {
    "metric": [
      "Repetition Rate",
      "Sentence Repetition Rate",
      "Lexical Diversity",
      "ASV Score (r_LZ)"
    ],
    "outliers_mean": [
      0.0910016205253645,
      0.18251231527093595,
      0.9315967100838082,
      0.5512349177304677
    ],
    "normals_mean": [
      0.04579268444153602,
      0.2744289765106715,
      0.84184143410416,
      0.7280440635478838
    ],
    "outliers_std": [
      0.03610122828534151,
      0.23357573355284528,
      0.06980532499594848,
      0.039520808695467105
    ],
    "normals_std": [
      0.02935213197898966,
      0.19357807754500667,
      0.1013414759327684,
      0.046408930297012506
    ],
    "t_statistic": [
      29.8622380139716,
      -9.218923010602742,
      17.62515508585833,
      -75.33116333335347
    ],
    "p_value": [
      6.01536190346415e-186,
      3.7673973390569996e-20,
      2.970014554571138e-68,
      0.0
    ],
    "effect_size": [
      1.5207818821364671,
      -0.46948829089019123,
      0.8975890056156542,
      -3.836359093515591
    ]
  }
}