source,n_outliers,n_normals,outlier_rate,halluc_rate_in_outliers,structural_rate_in_outliers,mean_r_lz_outliers,mean_r_lz_normals
truthfulqa,8,760,0.010416666666666666,0.0,0.625,0.5654109779109778,0.7565333449045433
fever,65,2434,0.026010404161664665,0.0,0.9384615384615385,0.5572679970932289,0.7308752776120236
halueval,333,4471,0.06931723563696919,0.0,0.2552552552552553,0.5497167236162828,0.7216600266739904
